month,New Zealand,New Caledonia,Papua New Guinea,Vanuatu,Fiji,Other Oceania and Antarctica,Total Oceania and Antarctica,UK,Ireland,Austria,Belgium,France,Germany,Netherlands,Switzerland,Denmark,Finland,Norway,Sweden,Other North-West Europe,Total North-West Europe,Italy,Spain,Greece,Poland,Russian Federation,Other Southern and Eastern Europe,Total Southern and Eastern Europe,Israel,United Arab Emirates,Other North Africa and the Middle East,Total North Africa and the Middle East,Thailand,Vietnam,Brunei Darussalam,Indonesia,Malaysia,Philippines,Singapore,Timor-Leste,Other South-East Asia,Total South-East Asia,China,Hong Kong,Taiwan,Japan,"Korea, South",Other North-East Asia,Total North-East Asia,India,Sri Lanka,Other Southern and Central Asia,Total Southern and Central Asia,Canada,United States of America,Brazil,Mexico,Other Americas,Total Americas,South Africa,Other Sub-Saharan Africa,Total Sub-Saharan Africa
Jan-1991,26100,2500,4100,300,1600,1400,36000,21600,600,1100,300,1800,6200,1500,3500,1000,600,500,2300,100,41300,1800,400,500,200,0,1000,3800,400,100,500,1000,1200,100,200,3200,3000,1000,3500,0,0,12100,1300,4400,2000,46700,2300,100,56700,700,300,100,1100,4700,17600,500,100,700,23600,600,700,1300
Feb-1991,26600,2400,1900,300,1000,1200,33600,29700,1000,800,200,1400,8600,2000,2800,900,500,300,1800,100,50200,1200,300,400,200,0,1300,3300,400,100,500,1000,1700,200,300,2600,5500,1100,6900,0,100,18400,1200,9600,4500,36500,1200,100,53000,600,300,200,1000,5200,21900,200,100,600,28000,700,800,1500
Mar-1991,37300,1000,2400,300,1500,1200,43700,28200,800,600,300,1400,6400,1800,2500,700,400,300,1500,0,44900,1300,300,400,200,0,800,3000,400,100,500,1000,1900,200,400,2100,3900,1700,6300,0,100,16500,1400,5800,1800,36500,1000,100,46600,800,300,100,1200,5200,23800,100,100,400,29700,1000,700,1700
Apr-1991,32000,700,2600,200,1200,800,37700,22800,600,700,200,1300,5900,1200,1800,600,300,300,1000,0,36700,1200,200,300,100,0,600,2400,300,100,600,1000,3200,200,200,3800,4300,1700,6500,0,0,19900,1100,3300,1600,38000,1700,0,45800,800,300,200,1400,3000,17700,100,100,400,21300,700,700,1400
May-1991,44500,800,2100,200,1100,900,49600,15400,500,600,100,1100,3800,800,1300,400,200,200,500,0,24900,900,200,200,100,0,600,2000,300,100,500,1000,2400,100,100,1700,4600,1400,4700,0,0,15200,1000,3200,1500,37900,1900,0,45500,1100,200,300,1600,2800,16800,200,100,400,20400,500,500,900
Jun-1991,37600,700,3400,200,1000,1100,44000,14800,700,500,200,1700,3100,1000,1200,600,600,300,900,0,25600,2300,200,500,200,0,800,4000,300,0,600,1000,1500,200,100,4100,2600,1200,10400,0,100,20200,1300,4000,1500,39100,2400,0,48200,1200,400,300,1900,3100,22200,100,100,600,26100,400,500,900
Jul-1991,47600,800,2800,200,900,1300,53500,16100,800,1000,500,2500,6300,1500,2000,500,400,300,1100,100,33000,2600,400,500,200,0,900,4500,600,100,800,1400,1800,200,300,3500,3100,1000,4400,0,100,14400,1200,7700,3100,50100,2600,100,64800,700,300,300,1300,5400,27600,100,100,400,33600,600,500,1000
Aug-1991,55900,1300,2600,200,1200,1200,62400,12400,600,700,200,2100,4100,900,1300,500,200,100,600,0,23800,2800,400,300,200,0,900,4600,400,200,1000,1500,1400,200,200,2200,2900,900,4900,0,100,12800,1600,6000,2900,44900,3000,100,58500,700,300,200,1200,3300,28700,100,200,500,32800,500,400,900
Sep-1991,49200,800,3100,300,1200,1400,56100,13900,900,700,300,1500,6400,1500,1700,900,400,300,1100,0,29500,1500,400,400,200,0,900,3300,400,100,600,1100,1500,400,100,2300,3500,1300,6100,0,100,15200,1400,3700,2200,45500,1300,0,54000,900,500,200,1600,4700,29200,300,100,600,34900,800,500,1300
Oct-1991,47600,1100,2900,100,1200,1400,54300,22900,900,1200,600,2100,7800,3500,3000,1100,600,300,1900,100,45900,2000,300,500,200,0,1200,4200,400,100,700,1200,3400,300,200,2600,3800,1400,4900,0,100,16600,1200,3900,4400,48700,1900,0,60100,800,300,100,1200,5300,23900,300,100,600,30300,800,600,1400
Nov-1991,41600,1200,2900,200,2000,1400,49200,27800,1000,1100,500,2700,8100,2500,3600,1200,800,500,2400,100,52100,2300,600,700,300,0,1200,5000,500,0,800,1300,2000,500,100,2500,6800,1300,9400,0,100,22700,1900,4300,4700,47000,1800,100,59900,600,300,200,1100,5500,23400,200,200,700,30000,1100,700,1800
Dec-1991,34600,1800,4300,200,2900,1900,45600,38300,1400,1400,600,3000,11100,3100,4800,1400,800,700,4000,0,70600,4600,400,1200,200,0,1800,8300,500,300,1500,2300,2700,400,300,6400,4200,1600,19300,0,100,35000,1900,7000,4600,57700,2500,0,73700,1000,600,300,1900,5200,19000,200,200,1100,25700,1600,1200,2800
Jan-1992,20100,3200,4100,300,1900,1200,30700,22700,600,900,300,2200,7500,2000,3200,1200,600,500,2700,0,44500,2300,400,400,100,0,800,4100,400,100,1100,1500,1800,400,300,3100,3700,1100,4400,0,0,14700,1200,6300,4500,58700,4500,100,75300,500,300,200,1000,3700,17200,400,100,1000,22300,500,800,1200
Feb-1992,24100,2900,2100,300,1500,1400,32100,34300,900,1000,300,1800,9300,2000,2800,1100,400,500,2100,100,56500,1800,300,600,200,0,1100,4000,500,100,800,1400,2700,400,200,3500,7800,1500,9900,0,100,25900,2100,12000,11100,54000,3100,100,82400,600,400,300,1400,5700,25100,200,100,600,31700,1400,700,2100
Mar-1992,31300,900,2100,100,1100,1100,36600,30900,700,700,200,1900,8000,2100,3000,800,400,400,1800,0,50800,2100,300,400,100,0,1300,4400,400,200,800,1400,2500,400,500,2500,3600,1400,6100,0,0,17100,1600,4100,6200,54000,2300,100,68300,1000,600,300,1800,5300,27600,200,300,800,34200,1600,800,2300
Apr-1992,33000,1400,3400,400,1600,1400,41200,27200,700,700,300,1400,7200,1400,1600,600,200,300,900,0,42600,1400,300,300,100,0,600,2600,300,200,700,1100,4500,400,300,4500,4900,1900,5900,0,100,22500,1300,6400,4600,47800,2300,100,62400,800,400,300,1500,3700,22600,100,200,400,27000,1300,800,2100
May-1992,40700,1300,2300,200,1100,1100,46600,14200,300,500,200,1100,4400,1100,1200,500,300,200,600,100,24700,1200,300,300,100,0,700,2500,300,0,500,900,2500,500,100,2300,4700,1500,6400,0,100,18100,1500,3900,2600,45900,2000,0,55900,1200,200,100,1600,2600,20000,200,100,400,23300,700,300,1000
Jun-1992,33700,700,2600,200,900,900,39000,15900,700,500,200,1200,5100,900,1100,600,300,200,1000,100,27700,1400,200,600,200,0,700,2900,200,300,800,1200,1500,300,100,4100,3700,1200,11700,0,0,22600,1300,5100,2100,48200,1700,100,58400,1000,200,300,1500,2500,18900,100,100,300,21900,500,400,900
Jul-1992,42700,900,4100,300,800,1400,50200,17900,500,900,600,3000,6300,1800,2000,800,400,400,1000,0,35800,2600,500,500,100,0,700,4400,400,100,1100,1600,2300,300,200,4500,4100,1100,5500,0,0,18200,1300,9300,5400,58600,3400,100,78200,700,200,200,1100,4400,22100,200,200,500,27300,1100,700,1800
Aug-1992,44400,1400,2500,200,1300,1000,50900,14800,600,900,200,2800,5700,1300,1600,600,400,200,900,100,30200,3700,600,300,200,0,800,5700,300,300,900,1500,1700,300,500,3300,5000,1100,5700,0,0,17600,1300,5600,3500,54500,3300,100,68300,600,200,200,1000,2600,18800,200,100,300,22000,900,600,1500
Sep-1992,41500,900,2900,200,1100,1200,47800,18300,700,700,400,1900,6000,1800,1900,1000,400,300,1200,0,34700,1500,400,300,100,0,800,3100,400,100,800,1300,4000,400,100,2700,4500,1200,7800,0,0,20800,1800,3900,3300,47400,1500,100,58000,600,300,100,1000,2900,16900,300,100,700,21000,1300,500,1700
Oct-1992,47300,1200,3200,300,1300,1300,54500,23800,900,1100,500,2300,9400,3300,3100,900,500,400,1600,100,47700,2100,800,500,200,0,1100,4800,500,100,700,1400,4600,400,300,3300,5700,1200,9100,0,100,24800,1500,4100,6900,47300,2400,0,62200,800,300,200,1200,4500,24800,300,200,700,30300,1200,500,1700
Nov-1992,44300,1300,3100,300,1600,1600,52200,32300,1100,1400,500,2500,8900,2800,3500,1100,600,500,2000,100,57100,2400,400,700,200,0,1500,5200,400,100,900,1300,2600,400,200,2900,7600,1200,16000,0,200,31200,2000,5100,7000,53000,3000,0,70000,600,300,200,1200,5500,26500,200,100,500,32800,2000,800,2800
Dec-1992,44700,2000,4600,500,2200,2200,56100,37700,1100,1400,500,3300,12100,2900,4000,1200,700,600,3400,200,69000,5000,500,1200,200,0,1600,8600,500,200,1800,2500,3000,500,500,9200,5000,1700,28300,0,100,48400,1900,8800,6400,60600,4100,100,81800,1100,600,100,1800,5600,22400,300,200,1300,29700,2700,1100,3800
Jan-1993,26900,3200,4600,400,1200,1300,37700,25700,800,1000,300,2800,8300,2400,3200,1200,400,300,1900,100,48300,2100,400,500,200,0,900,4100,400,0,1000,1400,2800,300,400,4200,6900,1100,10900,0,100,26600,1400,11200,13300,62500,7000,200,95500,700,300,200,1300,4200,20200,300,100,900,25600,900,700,1600
Feb-1993,28400,2900,2700,300,1500,1300,37200,31300,800,1300,400,2300,10100,2400,3000,1200,400,700,1800,100,55700,1900,300,500,200,0,1200,4100,400,100,900,1400,2000,300,300,4300,5200,1700,7800,0,100,21600,1700,7300,12600,58000,6300,100,86100,700,400,200,1300,5900,27600,300,100,800,34700,1800,700,2500
Mar-1993,35400,900,2100,200,1800,1200,41600,38100,1300,900,300,2000,11000,2000,2400,1000,300,400,1500,0,61400,1900,500,400,200,100,900,4000,600,200,1200,2100,3100,400,600,7800,6700,1400,10100,0,100,30100,1600,7100,9100,57900,3500,100,79200,800,300,200,1300,4900,28500,200,300,800,34700,2000,700,2700
Apr-1993,40000,1100,3300,200,1600,1100,47400,24000,800,800,300,2100,8100,1500,1500,700,300,300,1000,0,41300,1300,200,300,100,0,700,2600,400,100,900,1500,8800,300,400,3900,6300,2400,9100,0,100,31400,1700,8700,9200,49100,3200,100,72000,800,300,200,1300,3400,20500,100,200,600,24800,2300,700,3000
May-1993,46800,1300,2600,200,1200,1400,53600,17500,500,700,300,1800,5600,1100,1400,500,300,100,700,100,30800,1300,300,400,100,0,600,2700,300,0,700,1100,4000,300,300,3400,6300,2300,9400,0,100,26100,1700,5600,5000,52000,4000,100,68400,1300,300,200,1800,3000,22100,300,300,700,26400,1500,600,2000
Jun-1993,38200,900,3300,200,1000,1200,44900,14200,700,500,300,1300,5400,1200,1000,600,200,200,900,100,26500,1600,300,600,100,0,700,3200,400,100,800,1300,1600,300,100,6800,6500,1400,18800,0,100,35500,1700,6600,3400,50800,2900,100,65500,900,200,200,1300,2500,20100,200,100,500,23300,2000,500,2400
Jul-1993,45800,1100,4100,300,900,1500,53700,19600,1000,1200,700,3400,8700,2300,2300,700,300,300,1000,0,41700,3900,700,700,100,0,800,6200,500,400,1600,2500,2700,300,200,6800,4500,1200,7200,0,100,23000,1900,10800,8200,56800,5300,100,83100,600,200,300,1200,3800,25200,200,200,500,30000,2000,600,2600
Aug-1993,54700,1200,2900,100,1100,1600,61700,17400,600,900,300,3500,5800,1400,1100,600,200,200,600,100,32900,4000,700,400,100,0,800,6000,300,300,1100,1700,2800,300,600,4500,6900,1100,7300,0,200,23500,2200,7000,8000,62900,6000,200,86100,600,300,200,1100,3000,19100,300,100,400,22900,2500,900,3400
Sep-1993,52600,1000,2900,200,900,1300,59100,19400,900,900,600,2400,7700,2200,2500,1100,500,500,1200,100,40000,2500,600,400,200,0,1300,4900,500,200,1300,2000,2700,200,100,4300,5200,1200,10100,0,100,23900,1500,4400,7200,48400,3300,0,64800,800,300,200,1300,3000,20400,200,200,600,24400,2300,700,3000
Oct-1993,48000,1400,3400,200,1400,1600,55900,27900,1100,1500,400,2700,12900,3400,3900,1200,500,500,1700,100,57800,2800,500,500,300,0,1100,5300,500,100,1100,1600,8100,200,300,4700,7200,1200,10600,0,100,32300,2200,6500,10600,50500,5700,100,75500,900,200,300,1400,5100,27500,200,200,900,33800,2300,600,2900
Nov-1993,38300,1300,3400,400,1700,1500,46600,34600,1200,1600,700,3200,10200,3700,3700,1400,800,500,2200,200,63900,3500,600,600,400,100,1600,6900,500,100,1200,1800,3000,200,500,5100,13200,1300,20300,0,100,43800,2700,7300,11000,54800,7000,200,83000,800,300,200,1300,5500,26600,200,100,600,33000,2700,2200,4800
Dec-1993,44200,2100,5000,400,2800,2600,57000,40500,1300,1800,700,3500,11700,3800,4400,1400,500,500,3200,200,73600,4900,500,1400,400,100,2200,9600,600,200,1700,2500,5000,300,700,15800,5600,1700,33300,0,200,62600,1900,9600,11300,67100,8000,200,98100,900,500,300,1700,6200,23400,300,200,1300,31500,4100,1900,5900
Jan-1994,27800,3900,4700,300,1700,1500,39900,28600,1200,1300,500,2800,11800,2700,3300,1400,500,500,2000,100,56800,2900,400,600,200,100,1400,5600,500,100,1200,1700,3400,300,300,6100,3600,1100,5900,0,100,20600,1700,5700,9100,61200,14500,200,92300,900,300,300,1600,5300,21700,400,100,1000,28500,1500,1100,2600
Feb-1994,24600,3300,2900,300,1400,1700,34100,35800,1200,1700,500,2800,13100,3400,3600,1600,600,500,2000,200,67200,2500,600,600,300,400,1400,5800,500,200,900,1700,5000,300,500,5800,10800,1600,16200,0,100,40300,2000,14800,20600,65800,10100,400,113600,900,300,300,1400,5400,28600,300,200,1000,35600,2300,1000,3300
Mar-1994,37700,1300,2900,300,1300,1700,45200,35800,1500,1300,500,2500,13800,2500,3400,1400,600,700,2400,200,66600,3400,800,700,300,100,1100,6500,600,300,1200,2100,4500,500,600,14300,8600,2100,12400,0,100,43100,2100,9100,15500,64400,7800,600,99400,700,300,300,1300,6000,31100,300,200,1200,38800,2400,1400,3700
Apr-1994,36100,1500,3500,500,1500,1600,44600,26100,1000,1100,400,2200,8700,1600,2200,900,400,600,1300,0,46300,1700,300,400,100,300,1100,3900,500,200,800,1500,12500,200,500,5000,6800,3000,10800,0,100,38900,2100,8000,15200,51700,6300,100,83400,1300,500,300,2100,3800,24600,300,300,700,29600,1800,2400,4200
May-1994,37000,900,2800,400,1300,1300,43600,16400,800,700,400,1500,5900,1200,1400,500,200,200,600,0,29800,1400,300,300,200,100,600,2900,400,100,700,1200,5400,300,200,5500,7400,2100,14500,0,200,35600,2600,5200,9100,54600,5400,200,77100,1200,200,200,1700,2700,16800,200,200,800,20600,1600,700,2300
Jun-1994,40700,900,3800,300,1300,1700,48700,15000,1300,600,300,1600,5500,1500,1300,700,300,300,1000,100,29500,1600,300,600,200,100,700,3500,500,200,1300,2000,3000,300,300,10300,7600,1500,20900,0,100,44100,2100,8700,5800,51900,4900,300,73700,1000,100,300,1500,2500,22200,200,200,500,25600,1900,300,2300
Jul-1994,45300,1100,3900,200,1300,1900,53700,21700,1000,1500,800,4900,10100,2600,2800,900,400,500,1200,100,48400,4600,600,500,200,200,1000,7200,800,500,1600,2800,4900,400,500,10100,5800,1500,9200,0,100,32600,2600,12600,12900,62100,9700,300,100200,900,300,300,1600,4300,26800,300,200,800,32300,2500,1000,3600
Aug-1994,53600,1500,2300,400,1300,1300,60400,17800,1200,1000,600,3600,6700,1800,1600,800,300,300,800,200,36700,4300,1100,300,200,200,1000,7100,500,400,1300,2200,4200,300,800,6800,7900,1400,10300,0,100,31700,2200,9100,10000,65800,11500,500,99300,800,300,100,1200,3000,19800,200,100,700,23900,2100,600,2800
Sep-1994,49600,1100,3700,200,1500,1700,57900,22400,1200,1100,600,2500,8800,2600,2800,1400,500,400,1300,100,45800,2900,600,500,200,500,1600,6400,600,200,1200,2000,4100,300,400,6200,6200,1600,13300,0,100,32300,2300,6700,7500,55400,6600,200,78600,1000,400,200,1500,3800,19900,400,100,1100,25300,3000,700,3700
Oct-1994,45700,1500,3200,300,1300,1900,54000,31600,1500,1800,1000,3200,13500,3900,4400,1800,500,600,2100,200,66100,2700,600,600,300,300,1500,5900,600,200,1000,1800,9900,400,300,7900,9200,1800,13300,0,100,42900,3400,7700,14200,56900,8900,100,91400,900,400,200,1500,5300,27100,400,300,800,33900,3000,600,3700
Nov-1994,36100,1400,3500,300,2300,1500,45000,37600,1600,1700,700,3300,12300,3400,4700,1500,700,500,2400,200,70400,3200,700,600,500,200,2200,7400,700,200,1200,2200,5100,400,300,7700,14300,1700,23500,0,100,53100,3200,8700,11000,56500,12300,200,92000,1100,400,300,1800,5700,26500,300,200,1400,34300,3400,900,4300
Dec-1994,46100,1900,4700,600,3400,2400,59000,46600,1700,1800,800,3500,12500,3700,4800,1700,700,600,3100,200,81600,5400,500,1300,400,400,2600,10500,700,300,1700,2700,4700,400,800,20000,6800,2200,37500,0,100,72500,3300,13300,11600,74800,12300,200,115500,1300,800,500,2600,6500,24500,500,300,1400,33200,4800,1500,6200
Jan-1995,32100,4500,4200,400,1700,1400,44300,36200,1500,1600,500,3500,11300,2600,3800,1700,500,600,2200,0,66000,3100,400,500,300,300,1800,6400,600,300,1200,2200,3700,200,500,8900,6400,1400,11700,0,200,32900,2700,12400,13300,68200,19700,200,116400,1000,400,400,1900,5900,22500,600,100,1500,30600,1900,800,2700
Feb-1995,25600,3100,2700,300,1500,1500,34700,40700,1500,1600,800,3600,13400,3400,3700,1700,700,600,2300,100,74000,2500,400,600,300,300,1900,6000,700,100,1300,2100,5000,500,700,12100,11200,1700,13000,0,100,44300,2800,12600,23200,60300,14100,300,113400,1400,400,400,2200,5600,31700,400,100,1100,38800,2400,700,3100
Mar-1995,37600,1200,2900,200,1400,1500,44800,35800,1300,1300,700,2700,12400,2900,3000,1400,500,600,1800,100,64500,2600,700,500,300,100,1600,5900,700,100,1200,2100,6800,300,500,15100,10000,1900,13300,0,100,48100,3000,6800,14800,67900,13300,100,105900,1100,400,300,1900,5500,28900,300,100,1100,35900,3200,600,3800
Apr-1995,44900,1300,3800,300,1700,1900,53800,31800,1400,900,500,2300,9400,2000,2600,900,300,500,1100,100,53700,1700,300,400,100,100,1000,3800,600,200,1300,2100,17100,400,300,8100,6900,3900,11400,0,100,48200,3200,11900,14400,57100,11100,200,97800,1400,600,400,2300,3900,23600,300,100,900,28900,2400,700,3100
May-1995,38200,1400,3200,300,1300,1600,45900,17100,800,700,300,1800,6400,1500,1400,600,200,200,700,0,31700,1600,300,400,100,200,700,3200,400,100,800,1300,7900,500,600,8000,12200,2800,16000,0,100,48000,2900,6400,8100,60700,9300,100,87400,2200,300,300,2700,2800,18200,300,100,700,22100,1700,400,2100
Jun-1995,47000,900,4300,200,1100,1600,55100,15300,1700,800,300,1700,6100,1500,1100,900,400,400,1200,100,31400,1500,400,600,200,0,800,3600,500,400,1100,2100,4300,300,200,13300,6600,1700,23900,0,100,50400,2900,8200,8100,56500,7800,100,83600,1400,200,300,2000,3100,25600,200,200,700,29800,2600,500,3100
Jul-1995,54500,1100,4600,400,1200,2000,63800,20700,1300,1500,1000,5000,9800,3100,2600,1200,300,500,1200,200,48500,4100,1100,700,300,100,1600,7800,700,500,1800,3000,5400,500,400,14000,6400,2200,9900,0,200,38900,3500,18700,16400,73200,14300,200,126300,1200,400,400,2000,5200,29300,500,100,900,36000,1900,900,2800
Aug-1995,56300,1500,2600,300,1100,2000,63700,17900,1000,1300,400,3400,7500,2000,1500,800,400,400,900,100,37500,4600,1000,400,200,100,1300,7800,600,600,1500,2700,4700,300,700,8500,8800,2000,11500,0,100,36700,3500,12600,11900,83300,14600,300,126000,1000,400,300,1800,3600,21100,200,300,600,25800,1600,900,2500
Sep-1995,55600,1100,3400,300,1400,1800,63600,20700,1300,1800,700,2300,10800,2900,2800,1200,500,600,1800,100,47400,2700,700,400,300,200,1300,5600,900,300,1500,2600,4700,400,300,7100,6500,2100,14400,0,100,35400,3200,7100,7700,57600,9100,100,84800,1200,400,300,1900,3600,18800,400,200,900,23800,2600,700,3300
Oct-1995,50400,1700,3100,300,1500,2400,59300,31000,1900,2000,900,3000,14600,4100,4000,1900,700,700,2800,200,67700,3200,600,500,300,200,1800,6700,700,200,1400,2200,10800,500,500,8800,9800,2500,12200,0,100,45200,4200,9600,12100,58200,13000,100,97300,1800,400,500,2700,6000,28300,400,200,800,35800,2800,500,3400
Nov-1995,45000,1500,3200,400,1800,1900,53800,37900,2000,1500,700,2700,10600,4600,3900,1800,700,700,2900,200,70100,3600,700,800,500,400,2300,8300,800,200,1800,2900,4900,500,300,9000,15000,2000,24400,0,200,56300,5400,9800,10800,63800,19000,100,108800,1500,500,600,2600,5900,27400,400,200,1100,35000,3500,1100,4600
Dec-1995,51300,2200,4400,100,3300,3000,64300,42800,1700,2000,800,3100,11900,4000,4900,1800,700,900,3700,100,78400,5700,600,1600,500,700,2800,11900,800,400,2400,3500,6100,500,800,22100,8400,2900,40600,0,200,81600,5300,15600,11300,75800,22700,100,130900,1900,1300,600,3800,7300,29500,700,200,1600,39300,6200,1600,7800
Jan-1996,39400,3900,4500,200,1600,1800,51600,33200,1700,1600,600,2500,10600,3000,3600,1600,600,600,2200,100,62000,3100,500,600,300,100,1800,6300,800,300,1400,2500,4600,500,400,9600,5000,1800,8300,0,200,30300,3600,10500,12600,73300,26500,100,126600,1400,700,300,2400,6400,22100,800,100,1600,31100,2700,1000,3700
Feb-1996,37300,2900,2900,500,1900,1300,46800,38000,1800,1600,700,2600,12500,3900,3800,2000,700,800,2400,200,70800,2700,500,700,300,300,2000,6500,800,100,1300,2200,6500,400,1000,24600,18400,2300,22600,0,100,75900,3900,23300,24000,75300,14900,300,141800,1500,600,500,2600,6700,33200,500,200,1200,41800,2800,800,3600
Mar-1996,55700,2000,2800,300,2000,2200,65000,37000,1700,1400,900,2600,13300,3600,3400,1700,500,800,2000,100,68900,2500,600,400,300,300,1800,5800,800,200,1300,2300,7700,400,500,8900,9300,3100,14700,0,200,44800,4300,13000,16700,78700,19900,100,132700,1500,700,700,3000,6000,29700,500,200,1000,37300,4100,1000,5100
Apr-1996,58200,1500,3200,200,1800,1400,66300,28700,1600,1200,700,2100,9400,1800,2600,1300,700,500,1300,100,52100,1900,500,600,200,100,1400,4700,700,400,1300,2400,16100,500,400,9100,11600,4400,16400,0,200,58700,4200,12200,14500,63400,14500,100,108900,1800,600,500,2900,4800,26000,500,200,1000,32500,3300,800,4100
May-1996,45000,1500,2900,300,1400,1300,52300,18000,900,500,300,1900,6100,1500,1700,700,300,200,600,100,32900,1700,300,400,200,100,1200,3700,500,100,1100,1700,7500,300,700,7400,13000,3400,18800,0,100,51100,4400,8700,10600,52900,14100,100,90800,2300,400,400,3100,3000,18500,500,200,700,22900,2200,400,2600
Jun-1996,63500,1200,3400,300,1400,1700,71500,17900,1700,700,500,1800,6300,1700,1500,1100,400,400,1500,0,35600,2000,500,500,200,100,1200,4500,700,300,1300,2300,4300,400,300,17300,10200,2300,24400,0,200,59400,4200,11100,9500,58000,13300,100,96200,2000,400,500,2900,3100,26500,400,200,700,30900,2600,600,3200
Jul-1996,68900,1300,4500,200,1300,2300,78600,20800,1200,1800,1300,4200,9500,3400,2900,1300,400,500,1500,200,48900,5000,1100,600,200,100,1400,8400,800,1600,2100,4600,6200,400,600,15700,8100,2400,11700,0,100,45300,4500,15800,13900,74200,20700,200,129200,1500,500,600,2600,5000,29100,700,200,900,35800,3400,800,4200
Aug-1996,64600,1600,3100,300,1400,1200,72200,20100,1300,1300,600,3800,7100,2300,1800,900,500,400,800,200,41200,5100,1100,400,200,0,1900,8700,700,1100,1800,3600,5800,400,600,9500,10600,2000,13400,0,200,42500,4000,11600,11800,80700,18900,300,127300,1700,400,400,2500,3200,22200,400,200,1200,27200,2800,800,3700
Sep-1996,71700,1600,4200,300,1700,1800,81300,23900,1800,1100,600,2700,9600,3400,3400,1400,400,500,1500,100,50400,2900,600,300,300,100,1300,5600,900,400,1300,2500,6800,300,400,8400,7900,2300,12300,0,100,38700,4400,8300,9400,64400,11500,100,98100,1800,500,400,2700,3700,20100,500,200,1000,25500,3500,500,4000
Oct-1996,64300,1600,3600,200,1500,2300,73500,31900,2100,2000,1200,3800,14000,4900,4000,1700,700,600,2300,100,69500,3500,800,700,400,200,1900,7400,800,400,1100,2300,11000,600,500,11400,9700,3000,14900,0,200,51200,4900,10000,12100,54500,20900,300,102700,1800,500,300,2700,5300,29500,700,200,1200,37000,3100,700,3900
Nov-1996,53900,1900,3400,300,2000,2200,63800,46000,2700,2100,900,3100,12200,4600,4900,1800,800,1100,2700,200,83100,3700,1000,700,600,200,3000,9100,900,300,1200,2400,4700,500,500,9300,13400,2600,29300,0,100,60400,6400,10400,11900,55100,24700,200,108800,1600,600,300,2500,6300,30600,600,300,1500,39400,4100,1400,5600
Dec-1996,49400,2300,5000,500,3300,3400,63900,52100,2300,2000,800,3700,14800,4600,5700,1800,700,900,4700,100,94200,6600,700,1700,500,400,3300,13200,900,600,2200,3700,7700,600,1000,23400,17300,3900,36000,0,200,90100,5100,18300,12400,82500,28000,300,146600,2400,1000,500,3900,7500,29300,900,300,1800,39800,7700,1500,9300
Jan-1997,46200,3400,4800,100,1600,1900,58100,38100,2200,1800,800,4000,12600,4100,4200,1800,600,900,2300,100,73400,3800,600,800,300,200,2300,7900,900,200,1400,2500,4700,400,500,10200,5100,2600,8600,0,100,32200,4800,10700,11900,67600,30800,100,125900,1900,500,500,2900,6400,25600,1200,100,2000,35400,3000,900,3900
Feb-1997,42100,3000,2800,300,1600,2100,51800,43400,2100,1700,700,3800,13000,4000,3600,2200,600,900,2600,300,78800,3000,700,600,400,300,2300,7300,1000,300,1400,2700,5900,500,900,27900,20300,2600,20000,0,100,78200,4900,24800,18200,74100,18200,200,140400,2000,500,400,3000,6800,32200,600,200,1200,41000,3300,1000,4300
Mar-1997,54200,1500,2900,100,1600,2600,62900,44700,2300,1300,700,2900,12600,3500,3600,1800,600,1000,2000,100,77200,3000,700,800,300,300,2100,7300,900,400,1700,3000,7800,600,300,10500,9000,4800,17600,0,100,50800,5400,17300,14800,82000,22900,300,142700,2000,600,600,3200,6200,29600,600,200,1300,38000,4400,800,5200
Apr-1997,56600,1300,2800,200,1400,1800,64200,27400,1600,1000,600,2300,10200,2200,2000,1000,400,500,1100,100,50200,2100,400,600,200,200,1400,4800,800,100,900,1900,14800,500,500,11100,10600,4700,14600,0,200,56900,5300,9700,12100,62300,19600,100,109200,1700,600,400,2600,4200,25500,400,200,900,31200,3600,1100,4700
May-1997,48400,1700,4000,500,1400,1700,57700,18500,1400,900,400,1900,6200,1800,1300,700,400,300,900,100,34600,2200,500,500,200,200,1600,5100,700,300,900,1900,8100,600,600,8700,17700,4400,16800,0,200,57000,5900,8900,12400,54100,18100,100,99600,3100,300,500,3900,3300,20500,600,200,1000,25500,2700,900,3500
Jun-1997,55500,1300,3200,200,1200,2400,63800,19300,1900,1000,700,2600,5500,2000,1800,900,400,600,1600,100,38300,2800,700,800,300,200,1600,6400,600,600,1700,2900,3800,600,500,17200,8800,2700,30400,0,200,64000,4600,9200,11500,50800,16100,100,92300,2400,400,700,3400,3500,27100,700,300,1300,32800,3300,700,4000
Jul-1997,80300,1600,4300,200,1100,2400,89800,22700,1800,1800,1100,4900,9200,3600,2800,1200,400,800,1500,300,51800,5100,1100,1000,300,100,1900,9500,1100,1300,2600,5000,5000,700,700,22100,10500,2900,13500,0,200,55600,4600,14900,17100,79000,22100,300,138000,2000,500,700,3200,5300,32800,800,300,1000,40200,3100,800,3900
Aug-1997,59400,1100,3200,300,1300,1500,66800,22400,1700,1300,600,3800,8600,1800,1900,900,500,400,800,300,45100,5600,1200,500,300,200,1500,9300,900,1000,2200,4100,3000,600,700,9300,10700,2900,12900,0,200,40400,5200,10400,12600,80100,19000,400,127600,1700,400,400,2500,3800,24600,500,200,1000,30100,3300,1000,4300
Sep-1997,65600,1800,3700,300,1600,3000,75800,29000,2100,1100,800,2900,9800,3900,3600,1200,400,700,1500,100,57100,3500,1000,500,300,100,1700,7100,800,300,1200,2400,2600,400,300,8900,13300,3600,17600,0,200,46800,4900,9900,9800,68600,12400,100,105700,1900,500,400,2700,4400,22600,600,200,1100,28900,3500,700,4200
Oct-1997,64700,1400,3600,300,1500,2700,74200,38700,2800,2800,1200,3500,13500,4900,3500,1600,800,900,2700,100,77000,3600,900,700,400,200,2100,7900,1000,400,1300,2800,4300,700,500,10800,12300,3000,19100,0,200,50800,6200,11700,11800,58500,21900,100,110200,2600,500,400,3500,5400,28200,600,200,900,35300,3400,900,4200
Nov-1997,52300,1900,4200,200,2200,2500,63300,47100,2700,2600,900,3300,12700,4900,4800,1900,900,1100,2400,200,85400,3900,800,900,600,300,3100,9600,900,200,1700,2800,2800,600,600,10800,11700,3200,28500,0,200,58500,7200,9100,10800,61800,22700,200,111700,2500,400,500,3400,7400,28900,700,300,1400,38600,4500,1100,5600
Dec-1997,60400,1800,4600,600,3400,3300,74000,59300,2900,2300,900,4100,15000,5400,5700,1900,900,1300,4500,100,104300,7200,900,1500,600,600,3600,14400,900,500,1900,3300,5800,800,900,12800,13700,3700,39800,0,300,77800,6800,15200,10200,75100,10100,200,117600,2400,1000,700,4000,8000,32100,1100,200,1700,43200,7000,2000,9000
Jan-1998,42300,4100,4700,300,2100,2000,55600,41800,2500,1600,700,3600,12100,4600,4100,1900,600,900,2600,200,77100,4100,800,700,300,300,3000,9300,900,300,1300,2500,3200,600,600,10100,8500,2500,17000,0,400,42900,6700,15100,14900,68300,5600,300,110900,2000,700,600,3200,7300,28600,1500,200,2200,39700,3200,1200,4400
Feb-1998,38100,3500,2700,300,1700,2000,48400,54000,2500,1800,700,3500,14000,4600,3800,2300,600,1300,3000,100,92300,3600,700,500,400,200,2700,8100,1000,400,1500,2900,3700,800,500,8200,9100,2500,13600,0,200,38800,6400,11500,16300,69200,4300,200,107900,2200,500,600,3200,7100,37600,600,200,1500,47000,3700,1000,4700
Mar-1998,47800,1600,2400,400,1600,2100,55900,47400,3000,1400,700,2900,13400,3500,3200,1900,600,1200,2000,200,81400,3200,600,400,300,200,2000,6800,1000,400,1600,3000,3000,800,600,4600,6200,2900,18900,0,300,37300,6500,11800,10200,68000,3600,300,100400,2200,400,500,3200,7200,35000,800,300,1400,44700,4300,1300,5600
Apr-1998,60400,1600,4200,400,1900,2100,70700,37200,2000,1000,700,2600,9900,2800,2400,1200,300,800,1400,100,62200,2000,400,500,200,100,1400,4600,900,300,1100,2300,6000,800,600,7700,9800,4400,21900,0,300,51500,5600,15800,12600,64000,3800,200,102000,2300,700,500,3500,5400,31500,400,300,900,38600,4400,1000,5400
May-1998,56400,1700,2800,400,1200,1900,64400,22700,1600,600,400,1900,6300,2000,1800,800,200,400,800,0,39800,1900,400,400,100,300,900,4100,600,200,1000,1800,3400,600,800,8500,12000,3700,20400,0,100,49500,6500,8400,11900,55400,3800,100,86100,3500,400,500,4400,3500,24400,500,200,700,29300,3000,800,3800
Jun-1998,68100,1300,3100,300,1200,1700,75700,22900,2400,500,500,2100,5800,1700,1600,800,400,600,1200,200,40500,2500,400,500,300,100,1200,5000,500,600,1300,2500,2100,600,500,6200,7000,2000,33800,0,200,52300,5500,10500,16400,49100,3900,300,85700,2900,400,600,3800,3400,29400,400,200,800,34200,3000,700,3700
Jul-1998,78500,1500,4700,200,1600,3400,90000,28700,2200,1800,1000,5300,8500,4400,3300,1300,400,800,1600,200,59500,5000,1300,600,300,200,1800,9200,900,2700,3800,7400,4200,800,800,9000,8700,2500,14400,0,300,40600,7900,14700,16500,66700,5900,300,112000,2000,500,800,3400,5800,34700,800,200,1700,43200,5400,1100,6400
Aug-1998,66600,1300,3000,300,1100,2400,74700,23800,2000,1500,700,4200,8800,2600,2200,700,200,400,1100,100,48500,6700,1600,600,300,200,1700,11100,800,1900,2700,5300,3200,700,400,6500,7400,2200,14100,0,300,34800,6300,10600,13300,74600,5400,300,110500,1600,500,400,2500,4400,25100,400,200,1000,31000,3700,1100,4900
Sep-1998,67100,1600,3900,300,1600,4000,78500,25900,3600,1300,900,3800,8900,4300,3700,1400,500,900,2100,100,57600,3900,1100,700,500,300,2300,8700,1100,700,1800,3700,5700,700,400,6800,13000,2600,15900,0,200,45500,5300,9200,7800,59600,6400,200,88400,2600,600,800,4000,5000,22800,800,200,1500,30400,5500,1000,6500
Oct-1998,70500,1700,3800,500,2700,2800,81900,38400,2400,1700,1100,3900,13500,5800,4100,2000,800,1000,3000,200,77800,4200,1200,600,500,300,2700,9600,1000,400,1400,2900,4900,600,800,8200,8200,3000,16000,0,200,42000,6500,11300,9200,52800,6000,300,86000,2800,500,700,4000,6300,35100,700,300,1300,43600,5200,1300,6500
Nov-1998,53500,1500,3700,400,2600,2500,64200,55800,3200,1700,900,4400,12700,5200,4500,1800,800,900,2800,200,94700,3900,1300,1000,700,300,3200,10400,900,700,1200,2900,2900,800,500,6000,9500,3000,24800,0,200,47700,6400,10100,10200,58200,8200,200,93300,2500,600,600,3700,7300,33600,600,300,1400,43200,6100,1300,7500
Dec-1998,60000,2200,6000,500,3300,5100,77100,69200,3600,2000,1000,4900,13600,5500,5700,2100,800,1300,5000,300,114900,6900,800,1700,600,400,4000,14400,1200,1400,2200,4800,7000,900,1100,11300,12600,3900,36300,0,500,73500,7000,14500,10400,65300,9700,400,107300,2900,1100,800,4800,8800,36100,1200,300,2100,48600,9300,2300,11600
Jan-1999,47100,4300,5200,500,1600,2400,61100,47900,2900,1700,900,4000,12200,4600,4700,1900,800,1000,2700,100,85400,3700,800,700,300,300,2700,8500,1100,1000,1500,3600,3200,600,400,13300,7500,2500,9800,0,200,37300,6700,8700,12200,60600,12000,300,100500,2100,900,500,3600,8100,32600,1500,200,2800,45100,4100,1200,5300
Feb-1999,40000,3000,2400,300,2100,2500,50400,55400,3400,1500,900,4300,15800,4800,3700,2100,700,1400,3600,100,97600,3600,700,700,600,300,3100,9000,1200,600,1500,3400,4100,800,700,9100,16000,2700,21700,0,200,55300,9700,20600,17600,61800,7800,400,117900,2600,700,800,4200,9300,41600,600,200,1600,53400,5300,1600,6800
Mar-1999,55900,1500,2900,500,2000,2600,65400,57000,3700,1300,600,3400,12500,4200,3700,1700,600,1200,2400,100,92400,3100,800,400,400,300,2300,7400,1300,900,1900,4000,4300,1200,600,7900,9800,4200,21100,0,400,49500,6400,11600,10600,71400,6700,200,107000,2500,600,900,4100,8000,39700,600,200,2000,50600,6800,1500,8200
Apr-1999,59400,1800,4800,600,2000,2700,71200,33800,2300,1100,600,3300,9400,3100,2600,1100,400,600,1500,200,59900,3000,1000,600,200,100,1700,6700,1100,400,1700,3200,12100,700,600,6700,10600,5100,15300,0,200,51300,6200,10000,14400,56400,6900,200,94000,2700,700,500,3800,4900,31100,500,300,1400,38200,4500,900,5300
May-1999,52500,2100,3600,400,1800,2200,62600,24100,1700,700,300,2300,6900,2500,1600,800,300,300,900,100,42500,2200,700,500,100,200,1100,4900,600,400,1000,2000,5200,600,500,10500,16700,4300,19900,0,200,57900,7100,7500,13100,52300,6900,200,87100,4300,400,400,5100,3900,25800,500,200,1200,31600,3600,500,4200
Jun-1999,67700,1400,4200,400,1600,2500,77900,23200,3100,600,600,2300,7200,1900,1700,800,400,700,1300,0,43900,2600,800,600,300,100,1400,5800,700,900,1500,3000,2900,800,500,5200,8100,2500,35200,0,200,55300,6100,9900,11900,46100,6600,300,81100,2700,400,700,3800,3500,35600,400,200,1500,41300,3800,800,4600
Jul-1999,67600,1400,5800,500,1800,2800,80000,35200,3400,1900,1200,6400,9600,4800,3700,1700,500,1300,2000,100,71700,4900,1600,600,400,200,1800,9500,1100,4300,4700,10100,5300,600,500,9100,9800,2800,17100,0,400,45500,8700,15400,17600,63600,9400,300,115000,2900,600,800,4300,5600,37800,700,600,1400,46100,4500,1100,5700
Aug-1999,72800,1800,2600,300,2200,1700,81500,33400,2700,1400,700,4500,9100,3400,2200,900,400,500,1100,300,60400,7300,1600,700,200,200,1600,11700,1000,2500,3700,7300,3900,500,400,6000,10000,3100,16900,0,200,41100,7200,10800,12300,69800,8300,300,108800,2100,600,700,3400,4600,30100,500,100,1000,36400,3900,600,4600
Sep-1999,75300,1700,4400,600,1900,2400,86200,39300,3400,1300,700,3400,10900,5000,4000,1600,500,1000,1700,100,72900,4200,1400,800,400,200,2400,9300,1000,500,1700,3100,3400,600,500,5200,13600,2900,21600,0,200,48100,6900,10700,10100,54700,6800,200,89400,2400,500,400,3300,5100,27100,700,300,1600,34800,4600,800,5400
Oct-1999,71800,1900,4700,600,2600,3100,84600,54300,5000,1800,1200,4300,17500,7000,5300,2100,1000,1200,3000,200,103800,4100,1000,700,700,300,2800,9700,900,500,1400,2900,7400,700,300,5400,10600,3300,18700,0,200,46500,9500,10700,7800,54500,10100,200,92800,3100,600,500,4200,7200,36400,600,400,1900,46500,4300,1000,5300
Nov-1999,60400,2000,3700,400,2800,2900,72200,67600,4600,1800,1000,5100,14900,5800,5300,1700,900,1000,3800,300,113900,4400,1400,1000,700,400,3600,11400,1200,500,1600,3300,4300,700,600,3800,12500,3300,34300,0,300,59700,9000,10400,9900,57800,12400,200,99600,2900,800,500,4200,8400,34200,700,300,1200,44900,5300,1400,6700
Dec-1999,58200,2100,5900,300,3600,3200,73500,57200,4400,2300,1900,5700,18600,5300,6500,2000,1200,1800,5600,300,112600,8500,900,2000,700,700,4900,17600,1300,1800,3000,6100,5900,1100,700,8700,14700,3700,35400,100,300,70500,9100,13300,10100,58400,14700,100,105700,3200,1300,1100,5700,9700,45100,1300,600,2300,59000,7200,2000,9200
Jan-2000,47800,3800,4200,500,2000,2400,60700,46400,3500,1900,900,5000,14100,5000,5200,2000,900,1300,4000,100,90400,4400,700,700,500,300,3500,10000,1200,500,2200,3900,3800,800,600,10000,8900,2700,10400,100,300,37600,8900,10900,10100,50300,19800,300,100100,2600,1000,600,4200,8200,34800,1400,400,3000,47900,3700,1500,5300
Feb-2000,45000,2500,3100,400,2100,2000,55100,60100,3700,1900,900,5000,14700,6100,4600,2300,800,2100,4100,200,106600,4800,1100,600,500,300,3000,10200,1300,700,1700,3700,4800,1000,700,9400,18000,2700,24600,100,300,61600,14000,20800,16400,68500,12700,400,132600,3000,800,1000,4800,8600,41600,600,300,2100,53300,4500,1400,6000
Mar-2000,61700,1800,3100,400,2100,2600,71800,55400,3900,1600,900,3900,13100,4800,3800,1900,800,1200,3200,200,94700,3500,800,600,500,300,2900,8700,1200,600,1500,3300,6200,800,500,6700,12200,3200,23700,400,300,54000,7300,10800,10200,73300,12200,200,114200,3000,600,800,4400,8200,42400,900,300,1700,53500,5600,1200,6700
Apr-2000,78100,1800,3500,400,2800,3200,89800,52400,3200,1200,900,4000,10600,3600,3000,1200,500,1100,1900,100,83800,2600,800,500,300,200,2300,6800,1100,300,1300,2700,13100,800,500,6500,12500,5300,21200,600,300,60900,7900,15300,13900,54700,13200,200,105200,3500,1000,500,5100,5600,34700,800,500,1600,43300,6200,1600,7700
May-2000,60300,1900,2900,400,2000,2600,70200,27200,2300,900,400,3100,7500,2500,2400,800,300,500,1100,100,49200,2500,800,500,200,200,1800,6100,800,500,900,2200,6400,400,200,4800,14900,3700,21000,600,100,52200,9000,9400,10200,51300,10100,200,90200,6100,500,500,7100,4400,30300,700,200,1400,37000,3400,1200,4500
Jun-2000,74000,1600,4300,200,1100,1900,83000,25800,4000,700,500,3200,6500,2200,2200,1000,500,1000,1500,200,49200,3200,700,600,300,300,2000,7100,600,1100,1700,3400,3600,700,400,7400,9100,2700,32100,300,200,56600,7600,10700,12400,48700,9600,300,89200,3700,600,600,4800,4200,42400,700,300,1000,48500,4400,1000,5400
Jul-2000,82400,1700,4500,500,1100,3100,93400,38700,3600,1600,1200,6200,9800,5400,3500,1600,500,1500,2000,100,75700,6000,1500,600,400,200,2300,11100,900,3500,4600,9100,5700,700,600,10600,10200,3200,16400,1200,400,48900,12500,16700,16900,62900,15600,300,124900,3400,700,1000,5000,6700,43800,1200,600,1500,53800,5000,1400,6400
Aug-2000,73300,1800,3000,700,1200,2800,82600,33000,3100,1200,700,5400,8200,3600,2300,1000,500,700,1500,300,61800,6900,1800,700,500,300,2400,12600,800,3100,4100,8000,4100,600,800,5100,11200,3000,14900,400,200,40200,9900,10900,11800,69700,11600,300,114200,2700,800,600,4100,5400,33100,1100,300,1700,41700,3700,1600,5300
Sep-2000,73400,1500,4200,600,1900,2500,84000,35600,4000,1200,1300,5900,14300,5700,4700,2200,1400,1900,3300,300,81700,5700,3100,1600,1200,2100,8000,21700,1200,600,2900,4700,4000,500,300,6100,9900,3300,16100,400,200,40900,7800,10000,7200,49600,10200,400,85100,2900,900,1700,5500,8200,54900,2100,1500,4300,70900,4700,2500,7200
Oct-2000,74400,2000,3300,600,1900,2300,84600,52600,4500,2100,1600,5300,15500,8200,4700,2400,1100,1600,3800,200,103500,5700,2100,900,700,600,3900,13900,1400,500,2100,4000,8900,800,500,8400,11100,3300,22400,400,200,56100,9900,11600,8500,54200,10800,400,95400,3700,700,700,5100,8000,42600,1200,800,2200,54800,5800,1300,7200
Nov-2000,72500,2100,3400,700,2000,3100,83800,61600,4700,2000,1100,5200,14600,7000,5100,2100,800,1400,4100,200,109800,4600,1700,1000,800,500,4200,12800,1300,700,1600,3600,5000,600,400,5600,15100,3100,37500,100,200,67600,10900,12200,8800,68900,14400,300,115600,2900,700,700,4300,9600,40900,900,400,2100,53800,5300,1400,6700
Dec-2000,74100,2700,5000,1100,3000,4700,90600,91700,6000,2300,1400,5000,14300,7200,6300,2200,1100,2200,6200,300,146200,8100,1200,1400,700,800,4300,16500,1300,1400,3400,6100,7100,1000,1100,17600,19000,2900,45300,600,300,94900,14600,15000,8000,69000,17000,400,123900,4000,1200,800,6100,11200,46600,1600,700,2400,62400,7200,2100,9300
Jan-2001,50600,4900,4300,400,1900,2400,64400,56900,4500,1600,800,3700,13000,5000,5200,2000,700,1600,3600,200,98800,4100,1000,800,600,500,3300,10300,1200,600,1700,3500,5500,900,500,7800,11400,1900,19000,300,200,47600,21500,17000,11200,58700,20900,300,129400,3500,800,700,5000,9700,35700,1700,300,2800,50200,3500,1500,5000
Feb-2001,49500,3200,2700,400,2400,2200,60400,69500,4200,1900,900,4800,17900,6400,4400,2400,700,2300,4300,200,119800,3900,900,600,500,500,3000,9300,1400,500,1700,3600,4900,1100,700,9700,12000,2300,17100,300,200,48200,13400,11400,9800,64800,14800,200,114400,3900,900,900,5700,10600,45100,1000,300,2400,59400,4200,1600,5800
Mar-2001,62300,2100,2600,400,1800,2600,71800,58500,4500,1400,800,3800,14100,4900,4400,1700,600,1400,2700,300,99000,3100,700,400,400,400,2400,7400,1500,900,1700,4100,7300,900,500,8000,11500,2900,23900,300,300,55600,10400,14100,8800,70200,13000,200,116700,3800,700,1000,5500,10300,45900,1200,400,2500,60300,5700,1200,6900
Apr-2001,75000,1600,4300,500,1900,2500,85700,46100,3500,1000,700,3400,11000,3500,2800,1100,500,1300,1900,100,76900,2300,600,300,200,400,1900,5800,1200,800,1400,3400,14300,600,800,8000,11200,4300,22000,400,200,61800,12700,15600,10100,58700,13000,200,110300,4100,1000,600,5700,6900,35900,900,400,1800,45900,4600,2000,6500
May-2001,63400,1800,2900,300,1800,2400,72600,25500,2200,600,400,2600,7600,2500,2100,600,400,600,1000,100,46100,1900,700,300,200,400,1500,5000,800,700,1100,2600,7000,500,500,4600,17100,2800,24500,300,200,57400,11300,8100,10200,48500,12000,400,90600,6600,500,600,7700,5500,34500,900,500,1100,42400,2500,1100,3600
Jun-2001,77400,2200,3200,300,1400,2400,86900,35900,4800,800,500,2700,7200,2500,2100,1000,400,1000,1500,100,60300,2500,600,600,400,400,2000,6400,700,1000,2100,3900,4000,700,200,6900,8900,2000,34300,300,200,57400,8500,11800,13100,49100,11000,400,93900,4200,500,700,5400,4200,43100,800,300,1000,49400,3600,1000,4600
Jul-2001,74500,1500,3500,400,1700,2500,84100,46800,4100,2100,1300,6700,12600,5400,3500,1700,700,1800,2200,200,89100,5300,1800,700,600,300,2300,10900,1100,3500,5500,10000,7300,900,800,10600,12100,2500,22700,400,300,57600,16000,17300,11700,62900,16400,200,124600,4000,800,900,5700,6900,47600,1100,600,1900,58100,4500,1800,6300
Aug-2001,74500,1600,3100,700,2100,1800,83800,35300,3100,1200,700,4400,9600,2900,2100,800,400,700,1200,200,62400,6200,1700,400,400,300,1800,10800,1000,2500,3800,7300,5500,500,600,5300,11100,2000,21600,600,300,47500,13400,12200,8700,74400,12200,300,121200,2900,400,600,4000,5300,33500,600,300,1400,41200,4600,1500,6100
Sep-2001,84100,2300,3700,400,1800,2200,94500,39800,4300,1300,900,3300,11900,4800,4200,1500,400,1200,2000,100,75700,3300,1000,500,600,200,2300,8000,1400,500,1900,3800,5300,800,600,5900,15400,2300,21100,500,200,52000,11500,10600,6300,49600,10500,200,88600,3700,600,700,5000,5300,24100,800,200,1600,32000,4900,1200,6100
Oct-2001,70800,2000,2600,400,2000,1900,79800,53200,5000,2100,1200,4300,16000,6400,4500,2100,800,1400,2900,100,99800,3200,1200,400,800,100,2200,7900,1300,600,1700,3700,7300,700,400,8400,9700,2400,22400,900,600,52900,13100,10800,6700,40500,12100,200,83300,3700,600,700,5000,7600,29800,800,300,1500,40000,4500,1100,5700
Nov-2001,63200,2300,2800,300,2200,2300,73100,57200,4700,1900,1000,4600,13100,5700,4700,1700,900,1200,3100,200,100100,3000,1100,600,900,300,2800,8700,1400,700,1400,3500,4400,700,500,4900,11500,2000,28900,700,200,53900,12300,9900,5900,41100,14900,100,84100,3300,500,300,4100,8600,30900,700,400,1500,42000,5000,1300,6200
Dec-2001,69500,3100,3400,400,3500,2800,82700,92600,6500,2100,1500,5600,13700,6500,6300,2000,800,2000,5400,300,145200,4600,1000,1400,1000,600,3700,12300,1500,1600,2700,5700,7100,900,1100,17800,17600,3000,38600,600,300,87000,13900,15500,7700,55100,24600,200,117100,4400,1000,500,5900,12300,40400,1100,700,2200,56600,7300,2400,9800
Jan-2002,48100,5300,3400,500,1600,2100,60900,61100,4100,1800,900,4000,11100,4700,4600,2000,500,1600,3300,300,100200,2900,600,700,800,500,2800,8200,1300,900,1600,3800,4800,700,500,6200,7000,1800,14000,700,200,35700,15400,9600,9500,51500,22500,100,108700,3000,600,500,4100,11200,37600,1200,200,2000,52200,3100,1800,4900
Feb-2002,44800,3300,2300,300,1900,2000,54600,71300,4100,2200,700,4600,14400,5800,3700,2100,600,2400,3500,100,115600,2700,1000,600,700,300,2500,7800,1600,900,2100,4600,5800,1200,1000,7800,17400,2100,25800,700,200,62100,26200,17900,10800,56500,14200,200,125800,3500,600,800,4800,10900,42300,700,500,1500,55800,4000,1700,5600
Mar-2002,67000,2000,2800,300,2200,1700,75800,74300,5000,1700,800,4200,12700,4600,3700,1800,600,1900,2800,200,114000,3000,1000,400,700,300,2400,7900,1900,600,1500,4000,8200,800,600,8100,10800,3700,24500,700,200,57600,12300,15500,7800,69300,14800,100,119800,3800,600,800,5200,10300,41200,900,500,1400,54400,5900,1500,7400
Apr-2002,60900,1700,2700,400,1800,2100,69600,40000,3100,1100,800,4200,9700,3100,2300,1100,500,800,1600,200,68500,2200,900,300,800,300,2200,6700,1400,500,1300,3100,12700,700,800,6400,13000,3100,18300,1200,200,56400,15100,9800,7600,57700,15100,100,105400,4200,800,600,5500,5800,30000,900,400,1200,38300,5100,1400,6500
May-2002,60300,2600,2700,700,1500,1700,69400,28500,2300,600,600,2700,6200,2300,2100,800,400,500,1100,100,48200,2300,700,700,400,400,2000,6400,1100,400,1200,2700,7100,500,600,5800,19100,3200,26100,400,200,63000,12600,9100,8900,50500,12200,100,93500,7300,400,500,8300,4800,27200,800,500,1000,34300,3100,700,3800
Jun-2002,70100,1300,2800,500,1700,1900,78300,27000,4300,700,500,3200,5900,2300,1700,900,400,900,1300,100,49100,2400,700,600,500,200,1200,5700,800,1100,1600,3500,4600,700,400,7400,9600,1800,31800,400,300,57000,10500,10500,7500,50200,11500,100,90300,3300,300,500,4200,4000,39700,900,400,1100,46200,3700,1200,4800
Jul-2002,70100,1800,3100,400,1500,2100,79100,41100,3700,2000,1300,6000,10800,4700,2600,1500,400,1800,2000,200,78100,4900,1300,600,800,400,1700,9600,1000,2800,3800,7500,6500,900,700,10200,10900,2100,18500,700,200,50800,19400,19500,11300,61900,16800,300,129100,2500,600,700,3800,6300,45200,1200,600,1100,54400,3800,1600,5400
Aug-2002,75000,2300,2300,500,1700,1900,83800,35300,3000,1400,500,4300,9100,2300,1900,800,300,700,1100,200,60900,5400,1400,300,600,300,1700,9700,1200,2100,3600,6900,5200,600,600,5700,10700,2400,18400,800,200,44500,15000,12200,9200,69100,14500,300,120200,2700,600,700,3900,4600,30700,600,400,900,37200,3700,900,4600
Sep-2002,80900,2200,2300,300,1600,1700,89000,39600,3700,1300,900,3100,11600,4200,3900,1400,500,1300,2200,100,73600,2800,1100,600,700,300,1900,7300,1000,800,1300,3000,8300,700,400,6200,15800,1900,17400,400,200,51200,12900,9300,5600,52800,10700,100,91300,3200,400,400,4100,5400,26400,700,400,1100,34000,3600,1000,4500
Oct-2002,78800,2400,2100,600,2000,2200,88100,54500,4200,1800,1200,3700,16200,6400,4000,2100,900,1400,3200,100,99600,4500,1300,300,1100,400,3100,10700,1100,900,1300,3300,8600,800,400,7500,12200,2300,21600,1300,200,54800,14700,12300,6500,61700,18300,200,113900,3900,500,600,5000,8200,37400,700,400,1200,48000,4200,1100,5200
Nov-2002,66100,2600,2200,600,2400,2000,75800,66700,4300,2100,1300,4100,14000,6000,4900,2000,700,1400,3400,200,111100,3600,1500,600,900,300,3000,9900,1500,1000,1400,3900,4800,700,400,5100,14100,2400,32600,500,200,60800,17800,10100,5600,64200,20200,100,118100,3500,500,400,4400,8900,35600,700,400,1200,46800,4200,1400,5700
Dec-2002,68100,3000,2600,300,3100,2700,79900,103300,6300,2300,1400,5400,13000,6400,6200,2400,800,2200,5500,300,155600,6700,1100,1100,900,700,3700,14100,1300,1300,2300,4900,6200,900,800,13100,18400,1800,37900,600,200,79800,18200,15200,6900,70000,18900,100,129400,4100,1200,700,6000,10400,41100,1000,700,1500,54700,6700,2300,9000
Jan-2003,47000,6200,2300,500,2200,1900,60100,63600,4200,1700,800,3800,11700,4800,4600,1900,600,1800,3800,200,103500,4000,1000,400,500,500,2700,9200,1100,900,1600,3700,5100,600,300,6000,8300,1300,15300,800,300,37900,20800,11400,9700,57400,26000,100,125400,3000,700,500,4200,10300,35200,900,300,1500,48200,2800,1300,4100
Feb-2003,45500,3000,1700,400,2000,1500,54000,70900,4300,2000,900,4800,13800,5500,4100,2200,800,2800,3900,100,116200,3500,900,500,700,500,2600,8700,1200,1100,1900,4200,5800,1000,900,7800,15100,1700,22000,200,300,54900,27000,12500,9600,58900,17900,300,126100,3700,700,700,5100,10200,40300,600,400,1500,53000,3500,1600,5000
Mar-2003,58200,2600,1800,400,1900,2100,67100,61800,4400,1600,700,3400,13300,4600,3700,1600,700,1400,2600,200,99900,2700,800,300,400,300,2000,6500,1400,1100,1800,4300,7700,700,700,6100,9800,2500,21000,500,200,49100,14300,9700,6500,59900,16300,100,106800,3800,600,600,5000,8500,37400,700,400,1000,48100,4500,1100,5500
Apr-2003,68500,1900,2000,300,2000,1900,76600,50700,2900,1100,700,3100,8900,2800,2200,1100,300,1200,1800,100,76900,1300,500,200,300,300,1400,4000,1100,1000,700,2800,7700,500,400,5400,8500,2800,12900,600,400,39100,9500,9500,3800,43600,11400,100,77900,3100,900,400,4500,5300,27400,500,400,800,34400,4100,1100,5200
May-2003,67000,2300,2000,400,1300,1800,74800,28000,2100,900,400,1800,6700,2000,1600,500,300,500,900,100,45600,1500,600,200,200,300,1100,3700,800,600,1000,2400,4700,700,300,5900,10000,2500,13700,900,100,38900,3100,6000,2300,29500,10700,0,51600,4300,400,600,5300,4400,28300,500,300,500,34000,3300,1000,4300
Jun-2003,67900,2300,2300,400,1800,1700,76300,28900,4100,800,500,2700,4800,2400,1600,1100,400,1000,1300,100,49900,1700,600,300,300,200,1500,4600,600,1300,1300,3200,4800,800,1000,7900,8700,1900,30300,200,300,56000,4500,12900,3800,29500,14100,100,65000,3600,400,700,4600,4100,38500,500,400,1000,44500,3300,900,4200
Jul-2003,82900,2100,3200,500,1600,2200,92600,45000,3400,1800,1100,6300,12800,5200,2500,1700,500,1800,1800,100,84000,4500,1200,500,300,500,2000,9000,1100,2800,3900,7800,8100,700,900,9700,14400,2000,18900,400,200,55400,11300,13300,11300,45700,21000,200,102900,3900,700,1000,5500,6100,44600,800,800,1200,53400,3100,1700,4800
Aug-2003,73000,2400,2100,400,1400,2100,81300,36900,2900,1400,700,4700,11100,2500,2100,1000,600,900,1200,100,66200,5300,1500,400,300,400,2000,10100,1000,2300,3300,6600,5900,700,500,5900,11600,2000,15200,600,300,42700,12100,11200,11000,57700,15500,200,107600,3500,600,600,4800,4900,31300,700,300,1000,38300,3400,1200,4600
Sep-2003,85900,2400,2300,500,2600,2200,95900,43300,3800,1400,900,3800,11900,4400,4200,1700,900,1200,2500,100,80100,3100,1000,500,400,300,2800,8100,1200,700,1800,3800,5000,800,600,6200,18300,2300,19100,400,200,52900,15000,9300,8000,53000,14400,100,99800,3700,700,700,5000,5900,27100,600,300,900,34700,4300,1100,5300
Oct-2003,83000,2600,2300,200,2600,2400,93100,63400,9200,1900,800,4600,14400,5200,3700,2000,700,1200,2700,200,110000,3600,1500,400,500,400,2500,8900,1200,1000,1600,3900,8200,1000,600,6400,14300,2700,20300,500,200,54300,16700,9800,8100,56300,19200,100,110300,3800,700,600,5200,8200,32500,600,300,1400,42900,5800,900,6700
Nov-2003,77700,2900,2300,500,2500,2700,88600,74300,4200,1900,1000,6700,12800,5200,4500,1700,900,1300,3400,100,118000,3600,1400,700,800,600,3000,10100,1400,1200,2100,4600,4300,800,700,10300,18600,2400,28300,500,200,65900,19800,10200,6500,63300,22500,200,122500,3900,700,600,5200,9400,37000,800,600,1100,48900,7400,1900,9300
Dec-2003,82500,2900,3100,700,3500,3300,96000,106200,7400,2400,1300,5600,15600,6400,6100,2500,1000,2100,5800,300,162800,6500,1300,1500,800,700,4300,15100,1300,1100,3000,5400,5700,1200,1000,12500,18000,2900,36400,400,300,78400,22000,13300,7300,73000,18200,200,134100,5400,1500,800,7700,10700,42600,1100,900,1800,57100,7300,2700,10000
Jan-2004,53600,5900,2500,700,2100,2300,67100,62000,4200,1600,1000,4700,12100,4300,5000,2200,800,1700,3500,200,102900,3700,1200,700,500,500,3000,9600,1200,1000,2100,4400,4500,800,500,6500,10800,1900,15200,200,200,40700,31200,13000,9900,58800,25900,200,139000,3800,600,500,4900,10200,34100,1200,300,1500,47300,3000,1300,4200
Feb-2004,59000,3700,1600,300,2000,2100,68800,75200,4500,2000,900,5400,15600,5400,3900,2800,1000,3000,4400,200,124200,3600,1300,600,800,500,3600,10400,1300,1200,2000,4500,6200,1200,800,8300,14800,2400,17900,300,200,52000,23400,11200,8700,62700,19300,300,125700,5300,800,800,6900,11600,42100,700,500,1400,56300,4300,1800,6100
Mar-2004,76300,2500,1700,300,1900,2200,84900,68200,4400,1500,800,4700,13400,4000,3400,1700,800,1400,3000,200,107500,2900,1100,300,600,500,2400,7700,1500,900,1800,4200,8300,600,700,6500,13700,2900,18500,300,200,51800,17500,10500,6900,63700,15200,200,114100,4200,800,700,5700,9300,37900,800,300,1300,49600,5200,1500,6700
Apr-2004,88300,2200,1900,600,2000,2200,97300,52200,3400,900,700,4200,9100,2700,2800,1000,600,1000,2000,200,80800,2000,800,400,300,500,1500,5500,1100,1100,1700,3900,13000,900,400,5800,13900,3700,17000,300,400,55400,17700,14100,7100,55600,14100,100,108800,4500,1000,800,6300,6100,30900,700,400,1100,39200,4100,1500,5600
May-2004,74600,2800,1700,500,1900,2300,83800,29300,2700,800,500,2600,6200,2000,1600,700,500,600,900,100,48600,2100,1100,300,200,400,1500,5600,800,800,1400,3000,5900,900,300,5100,14800,3000,19500,200,200,50000,16200,7500,9100,51700,16100,100,100800,7300,600,500,8400,5500,29800,600,200,1100,37200,3100,800,3900
Jun-2004,89400,1900,2400,600,1400,1900,97500,30400,4200,800,500,4000,5900,2100,1700,1100,400,800,1600,100,53700,2700,900,300,300,400,1800,6500,600,1700,2100,4400,3700,900,700,8200,12000,2300,26300,400,300,54700,13900,8700,10000,46100,14200,100,93000,4400,500,600,5500,4900,40400,500,300,800,47000,4000,1000,5100
Jul-2004,107200,2200,2800,300,2100,2600,117300,45300,4700,1800,1600,6900,11900,5000,3000,1500,600,1800,1800,200,86100,5200,1800,400,500,500,2000,10300,1100,5100,5400,11600,6800,900,700,9300,12900,2200,15700,100,300,49000,26000,14000,10800,56200,20200,300,127600,3500,700,1000,5200,8100,44400,1000,700,900,55100,3600,1800,5300
Aug-2004,96400,2400,1700,600,1700,1800,104600,39800,3000,1400,700,5100,10500,2800,1700,800,500,800,1200,200,68400,5700,1800,300,400,400,2000,10700,1000,3100,4600,8700,5000,700,300,5700,13400,2300,13400,200,400,41300,17400,10400,8300,66200,15000,200,117600,3200,800,700,4700,6200,34600,800,300,900,42800,3300,1000,4300
Sep-2004,107700,2900,1900,800,1900,2000,117100,40800,4300,1300,800,3900,11400,4100,4000,1600,800,1000,2200,200,76300,3800,1300,400,400,400,2300,8600,1100,800,1900,3800,6700,700,300,5000,10100,2600,14600,100,200,40300,16400,9300,5200,57500,14200,100,102600,4100,1000,600,5700,6100,26000,600,400,1100,34200,4100,800,4900
Oct-2004,97600,3000,2000,600,1900,2500,107600,60000,5100,2000,1100,4900,15900,5200,4200,2400,1000,1200,3400,200,106600,4400,1900,500,600,500,2500,10400,1200,800,1700,3800,7600,1100,400,4800,10900,2600,18100,100,300,45900,21400,11500,6500,60700,18100,200,118300,4700,800,500,6000,8100,33700,800,400,1200,44100,3500,900,4500
Nov-2004,82700,3000,2300,700,2400,2300,93400,65600,5000,2000,1200,5300,14100,5300,4700,2300,1100,1600,3800,200,112100,4100,1600,600,800,500,3400,10900,1500,900,2300,4700,4400,1000,300,8500,19500,2600,32700,200,400,69600,24100,9600,8300,65900,21500,100,129500,3900,700,700,5300,10500,33800,900,400,1100,46700,4200,1500,5700
Dec-2004,96700,3400,3300,900,3900,3200,111400,110500,9000,2200,1500,6600,15600,5900,6100,2600,1400,2300,6200,300,170300,7100,1400,1500,900,1100,5400,17400,1800,1300,2700,5800,5700,1500,1200,9900,18300,2900,35000,200,800,75600,24900,15900,7700,62000,19700,300,130500,5800,1400,900,8100,13600,43600,1700,900,2100,61800,7700,2800,10500
Jan-2005,62400,6400,2000,600,2000,2100,75700,70800,5000,1800,1100,5300,12600,4900,5200,2500,1000,1900,4000,200,116400,4800,1500,700,700,1000,4100,12700,1500,1000,2700,5100,4300,700,500,5600,7800,1900,10600,200,300,32000,37800,9500,8200,62900,33700,200,152300,4500,700,700,5900,13300,35800,1400,500,1700,52600,2700,1500,4200
Feb-2005,63200,4400,1400,400,2200,1700,73300,78200,4800,2000,900,6000,15700,5100,4100,3200,900,2500,4700,200,128300,3700,1100,600,900,500,3200,10000,1700,900,2400,4900,5200,1500,1000,8200,18200,2500,23300,200,400,60300,38500,19100,11500,61700,21700,300,152800,4800,900,1000,6700,11600,42400,900,600,1600,57100,3600,1800,5300
Mar-2005,90300,2800,2100,800,2200,2200,100400,87400,6100,1200,1100,4600,14900,4600,3900,2500,900,2100,3400,200,132800,3300,1300,400,500,700,2500,8600,1700,1200,2400,5300,7800,900,700,6700,13500,3700,21000,200,500,55000,17200,14700,9200,67500,20100,100,128800,5000,900,700,6700,11300,43400,1000,600,1200,57500,5600,1400,7000
Apr-2005,96900,2200,2100,500,2000,2100,105800,46500,3300,1000,700,4500,9200,2900,2600,1000,500,900,1800,100,75000,2400,1000,400,400,500,2200,6900,1300,1100,1800,4300,11700,900,200,5700,11400,3500,17000,200,400,50900,18700,11300,9900,49600,20100,200,109800,4700,1300,600,6600,7300,31600,900,300,1500,41700,3900,1700,5600
May-2005,82200,3200,2400,500,2000,1800,92100,29300,2700,800,500,3000,6700,2100,1700,700,500,500,1200,100,49700,2100,700,200,200,600,1300,5200,800,700,1200,2700,5900,800,500,4900,18500,3400,21300,100,200,55800,15600,9200,8400,42900,18300,300,94700,7900,500,700,9200,6000,30100,800,400,1000,38200,3000,800,3800
Jun-2005,89300,2200,2500,500,1700,1600,97800,30500,5300,700,500,3900,6300,2300,1700,1300,600,900,1500,200,55600,3400,800,400,400,300,1500,6800,700,1400,2300,4400,4500,1200,500,7000,10700,2500,29400,100,200,56200,14100,12200,9400,41700,18300,200,96000,5200,500,900,6600,4900,42200,700,400,900,49100,3600,800,4500
Jul-2005,113200,2500,2600,700,1700,2700,123400,49400,6000,1800,1400,8800,13700,5100,3500,1900,600,1700,2000,200,96200,5100,1900,500,500,600,2200,10800,1000,4700,5800,11500,6900,1400,800,8400,11400,2400,17200,200,300,49100,28600,17200,13200,55200,22800,400,137400,5400,800,1100,7400,7400,45800,1200,700,1600,56700,3200,1500,4700
Aug-2005,100300,2000,2100,500,1800,2400,109100,41300,3800,1400,900,6000,11800,3000,2100,1200,700,900,1500,200,74600,6600,2100,500,500,500,2600,12800,1100,3400,5500,10000,5000,1000,400,4600,13100,2500,15000,200,400,42400,20600,12800,11300,62700,18500,400,126300,4400,600,700,5800,6700,33900,1100,400,1200,43200,3600,1500,5200
Sep-2005,109900,3000,3000,400,2400,2100,120800,41600,4500,1300,1000,4400,12200,4100,3700,1600,700,900,2200,100,78300,3900,1500,400,400,400,2100,8700,1300,1000,1700,4000,5000,1000,500,5700,11600,2600,16500,100,400,43200,17100,10200,8400,56900,15300,200,108100,5200,800,700,6700,6800,27100,1000,300,1200,36500,4400,1300,5700
Oct-2005,102800,2900,2000,600,2400,2200,112800,61500,5800,1900,1400,5700,15800,5400,4500,2200,1000,1100,3500,200,110100,4400,1800,500,500,400,2600,10300,1500,1000,1900,4400,6900,1400,500,8800,13800,3500,20200,200,400,55700,19300,11100,7400,54100,20600,200,112800,6100,800,700,7700,8000,32500,1000,400,1600,43400,3600,1100,4700
Nov-2005,80300,2800,2400,400,2200,2100,90100,67200,4800,2000,1200,6200,14300,5000,3900,2200,1100,1300,4000,300,113600,4400,1800,700,800,700,3800,12300,1600,1000,2300,4900,4300,1200,300,6800,14500,2600,25500,200,400,55700,29100,10000,6200,64600,22800,100,132800,6000,800,700,7400,9900,34000,1000,300,1800,47000,5100,1700,6900
Dec-2005,97300,3500,2900,700,4100,3800,112300,111100,9800,2500,1400,7500,15900,6600,5900,2900,1600,2400,6700,300,174400,7600,1500,1400,800,1200,5400,17800,1500,1800,3800,7000,5600,1600,900,10400,17400,2700,31000,100,600,70300,26200,18900,7700,60200,22300,300,135500,6500,1500,800,8800,13400,43800,2000,500,2000,61800,8800,2600,11300
Jan-2006,68700,6700,2400,600,1800,1600,81800,68200,5100,1900,1000,6100,13900,5000,4800,2500,1100,1600,4400,200,115800,4500,1200,900,800,1000,3700,12300,1300,900,2500,4600,3700,1300,300,5300,9300,2200,13600,200,300,36200,32200,13500,10900,61400,28600,300,147000,4700,800,800,6300,13600,35100,1900,400,1800,52800,3100,1500,4700
Feb-2006,60000,4000,1600,300,1800,2300,70000,79400,4600,2100,1100,6800,16000,5400,4300,3400,1100,2200,5100,200,131800,4100,1500,600,700,800,3200,10800,1400,900,2700,5000,5200,1400,800,8200,14800,2300,16300,100,400,49500,35000,12900,9700,61700,22300,400,142000,6100,1000,900,8100,13100,45100,1300,500,1700,61800,4100,1900,6000
Mar-2006,80800,2400,2000,600,2200,2500,90600,79300,5000,1500,1100,4800,14700,4600,3600,2000,900,1300,3000,200,122000,3100,1300,300,600,600,2800,8700,1600,800,2400,4800,7200,1200,500,6300,10600,3600,16900,200,300,47000,21300,11700,7600,64100,19500,200,124400,7200,1000,900,9100,12600,42200,1400,400,2400,58900,5500,2600,8100
Apr-2006,93800,2800,2600,800,1900,2400,104300,59900,4600,900,1000,4600,11400,3000,3000,1300,600,1100,2200,100,93800,2200,1100,300,400,600,1900,6600,1300,1100,2200,4600,10900,1200,400,5300,10300,4500,17600,200,600,51200,24200,16500,6800,44200,19300,200,111300,6700,1400,500,8700,8200,36400,1200,600,1700,48100,5100,1400,6500
May-2006,81200,3200,2300,800,2200,1700,91400,29100,2700,700,600,3000,6800,2100,1800,900,500,500,1400,100,50000,2300,1100,400,300,500,1300,5900,800,700,1300,2800,5500,800,400,5000,12500,3600,16500,400,300,45000,19800,8700,6000,41400,17500,200,93600,10500,600,700,11800,6700,29400,1000,300,1200,38600,2900,1000,3900
Jun-2006,92600,2200,2600,500,2000,2200,102000,29200,5000,800,600,4200,6800,2300,1600,1200,500,900,1500,100,54800,3300,900,400,400,500,1800,7300,1000,1600,2800,5300,4100,1700,400,6300,9500,2700,25000,300,300,50200,16700,9300,7300,42600,18200,200,94400,7400,600,900,8800,5500,43400,1000,400,1300,51600,4200,1000,5200
Jul-2006,101100,2500,2700,500,1700,3100,111600,45600,5100,1700,1600,9000,12100,5600,3400,1900,700,1400,1900,200,90100,5500,2000,400,600,600,2200,11200,1100,5300,6500,12900,6400,1700,700,7600,10800,2700,16400,200,600,47200,31700,17100,10900,49900,23800,400,133800,6200,1100,1100,8400,8800,44400,1400,800,2000,57400,3700,1800,5500
Aug-2006,90600,2000,1900,400,2000,2100,98900,38300,3600,1200,800,6700,11800,2800,1900,900,600,800,1200,200,70700,6200,2100,400,400,600,2300,12000,1100,3100,4700,8900,4400,1300,300,5400,12500,2700,14400,200,300,41500,23000,11500,8400,60900,19500,400,123700,5600,900,900,7400,6700,32300,1200,400,1600,42200,3500,1400,4900
Sep-2006,113700,3100,2500,500,2200,2100,124200,41800,4500,1300,900,5100,12200,4000,4000,1700,800,1000,2200,100,79700,4700,1800,600,400,500,2400,10400,1200,1200,1800,4200,4400,1300,500,5500,9900,3000,16400,100,500,41700,21400,9800,6500,52000,19500,100,109200,6000,800,800,7600,7100,30000,1300,400,1900,40700,4400,1200,5600
Oct-2006,95900,2700,2400,500,2100,2400,106000,61600,5300,2000,1800,5900,15500,5800,4200,2700,1000,1300,3400,200,110800,4300,1800,500,600,900,3100,11200,1200,1100,2300,4500,6500,1800,300,12500,15000,3600,18500,200,500,59000,23500,11400,7800,54500,23900,200,121200,6500,1000,700,8200,9200,33200,1300,600,2000,46300,4500,1300,5800
Nov-2006,87400,3800,2900,600,2400,1900,99000,75800,5800,1800,1200,6300,14100,5200,4600,2200,1200,1500,3900,300,124100,4400,1900,600,700,900,4000,12500,1500,1300,2200,5000,4200,1700,300,5300,13300,2700,25000,300,500,53400,29400,9700,5700,58900,25100,100,128900,6300,900,1000,8200,11000,36900,1300,600,2100,52000,5100,1800,6900
Dec-2006,99500,4300,3800,800,4800,4500,117600,136600,10100,2200,1500,7300,16400,7100,7000,3200,1400,2700,6700,400,202700,8000,1800,1300,1000,1700,5400,19200,1600,1900,4200,7700,6100,2500,1000,9800,17500,3900,32300,300,800,74100,27200,15700,6600,54400,29300,300,133600,7500,1500,1100,10100,13200,43900,2600,800,2600,63100,9700,3200,12900
Jan-2007,70900,6600,2800,800,1900,2500,85500,71200,5800,2000,1300,6500,13300,5100,4700,2600,1200,1800,4400,400,120400,5200,1500,800,1000,1400,4300,14300,1500,1300,2400,5100,3600,1400,400,5600,6900,2900,10200,400,400,31700,28100,8600,7300,48900,34200,200,127200,5600,700,800,7000,12800,36800,2100,500,2400,54600,3400,1800,5200
Feb-2007,63200,4300,1800,700,1600,1800,73500,78000,5300,2500,1300,6900,17000,5100,3900,3000,1400,2100,4300,200,131100,3900,1400,500,900,800,3800,11300,1500,1600,3100,6200,5100,2300,800,7200,16800,3200,20400,400,500,56800,53600,17400,10000,54800,20300,400,156600,7000,1000,1200,9200,13100,42600,1400,600,2000,59700,3800,2100,5900
Mar-2007,82000,3100,2400,500,2000,2900,92900,86100,6800,1500,1300,5800,15900,4800,4300,2500,1300,1800,3900,300,136400,4000,2400,800,800,1600,4300,14000,2100,1500,3200,6700,7500,2300,600,6600,12800,4200,18600,200,500,53300,31600,12000,7900,60100,23000,300,134900,7200,1200,1400,9800,13300,44200,1800,600,2500,62500,7700,1800,9500
Apr-2007,97100,3000,3000,700,2100,2800,108700,52800,4400,1000,800,4600,9800,3100,3000,1200,700,1000,2300,200,84800,2400,900,400,400,800,2400,7300,1200,1400,2000,4700,10700,1600,300,5600,12400,4700,17600,200,600,53800,26600,14000,8400,40100,21500,200,110900,7600,1400,800,9700,9000,35000,1400,700,2300,48400,4900,1700,6600
May-2007,94900,3700,2400,600,1900,1900,105400,30200,3300,600,600,3500,7100,2100,2100,800,500,500,1100,0,52500,2300,1100,400,400,600,1400,6200,1200,1300,1600,4100,6000,1500,400,5400,13400,4400,21400,300,600,53400,19600,8300,6700,32500,18600,500,86100,10900,700,900,12600,7000,29400,1300,300,1800,39700,3600,1100,4700
Jun-2007,107000,2100,2500,600,1700,2100,116000,27500,5800,700,700,4700,7300,2400,1600,800,600,900,1400,100,54600,3500,1100,400,400,500,2000,7800,700,2500,3100,6400,4700,2000,600,7700,9900,3200,24700,100,600,53500,19200,10900,6600,37900,18900,300,93800,7500,600,900,8900,5600,42300,1100,500,2000,51600,4300,1100,5400
Jul-2007,103300,2500,2900,500,1600,2400,113300,43400,5700,1700,1800,10300,13900,5600,3600,2100,600,1400,1600,200,92000,5900,2200,500,700,700,2500,12500,1100,6800,7000,15000,5800,2200,800,8900,10300,2800,14400,300,800,46200,32400,12800,10200,47100,23300,400,126200,6200,700,1400,8400,9500,45000,1700,1000,2600,59800,3700,2500,6200
Aug-2007,100800,2400,2700,600,1600,2200,110200,39000,4200,1300,1000,6500,11400,3200,2200,900,700,700,1300,300,72700,6600,2200,500,600,800,2000,12700,1200,3100,5000,9300,6200,2000,500,5800,13100,3000,16200,200,600,47600,28800,12600,8700,54400,19200,500,124200,6900,1000,1300,9200,6600,31400,1400,300,1900,41700,3700,1100,4900
Sep-2007,113800,3400,2700,800,1900,2400,124900,43000,5000,1200,1300,5200,12700,4500,3400,1600,1000,1100,2200,200,82300,4300,1800,400,600,1100,2700,11000,1100,1200,2100,4300,6900,1900,700,6100,10400,3600,15800,200,600,46100,23200,9300,8700,46000,17600,200,105100,6500,800,800,8200,8800,30100,1500,500,2300,43200,4700,1500,6200
Oct-2007,102600,2900,2500,600,1800,2600,112900,57800,6500,2000,1400,6300,14900,5600,3800,2400,1100,1400,3300,200,106600,4600,2100,500,700,800,3300,12000,1100,1600,2200,4900,7100,2100,400,10800,10400,3800,16500,200,500,51800,25100,9500,7900,46000,20200,200,108900,6500,900,900,8200,9600,35600,1600,600,2400,49900,4300,1400,5700
Nov-2007,94400,3300,2700,400,2100,2600,105500,67000,6300,1900,1400,7600,14400,4900,4100,2200,1100,1400,3900,200,116300,4800,2100,900,1300,1100,4100,14300,1400,1700,2800,6000,4300,2400,400,5800,16000,3100,27200,100,400,59700,34600,9400,5600,49400,21700,200,120900,8100,1100,1100,10200,10700,37600,1500,600,2800,53100,6100,2300,8300
Dec-2007,96200,4400,3600,700,3900,3800,112600,105500,10900,2000,1900,8400,17400,6900,7100,3300,1700,2700,6900,300,175100,7500,2100,1900,1200,1900,5900,20500,1400,2700,4200,8300,5600,3100,1000,12100,19400,3600,32300,200,1000,78300,30200,14100,5400,49600,21500,400,121200,10200,1800,1500,13500,16000,44400,2900,1100,3000,67300,11000,3200,14200
Jan-2008,64700,7300,2900,700,1700,1800,79100,66200,6200,1700,1000,7500,14100,5300,4900,3000,1300,1900,4400,200,117900,4900,1900,900,800,2000,4100,14700,1400,1300,2700,5400,3600,1900,400,5800,7800,3000,9300,200,500,32400,34800,8100,6300,37600,28700,500,116000,6800,1000,1000,8800,14500,36400,2700,600,2300,56600,3400,2100,5500
Feb-2008,70500,4900,1800,600,1800,2400,81900,81000,5800,1700,1200,7600,17300,5600,4400,3400,1100,2600,5100,300,137000,4200,2000,600,1000,1100,4300,13200,1800,2200,3600,7600,5400,3300,1000,8000,18300,3700,20600,200,600,61100,55300,16400,7600,45900,21100,500,146800,8700,1000,1300,11000,16600,48400,2000,700,2900,70500,4400,2200,6600
Mar-2008,82300,3800,2200,400,2100,2500,93300,87500,7800,1400,1200,6200,16500,4900,4100,2500,1200,2100,3500,200,139000,3100,1600,500,700,1300,3600,10700,1400,1300,3300,6000,7300,2800,900,7900,13500,4300,21700,300,800,59400,29300,14700,6400,50400,17400,300,118400,8900,1100,1300,11200,13400,41800,2100,500,2600,60300,7300,2000,9200
Apr-2008,92100,3000,2900,700,2100,2300,103100,50500,4100,1100,800,6000,10200,3400,2700,1300,700,1000,2100,300,84100,2800,2700,400,500,900,2900,10200,1300,2100,2100,5500,10600,2100,500,6100,11800,4400,15000,200,800,51500,35100,9100,5500,30500,18000,300,98600,9300,1400,900,11600,9500,32900,1700,400,2300,46800,6000,1600,7700
May-2008,96700,4100,2800,600,2000,2700,108800,30700,3300,700,600,3800,7000,2300,1700,700,500,500,1300,100,53200,2300,1100,200,300,600,1400,6000,800,1600,2200,4600,6200,2100,200,5000,17000,4000,21200,200,500,56400,22700,9300,6200,29400,17000,200,84900,12900,800,1000,14700,8500,29800,1200,400,2100,42100,4300,1400,5600
Jun-2008,91000,2200,3200,700,1600,3400,102100,28000,6100,800,900,5400,8500,3000,1800,1200,800,1000,1600,100,59100,3600,1400,400,400,700,2000,8400,800,2900,3600,7300,5500,2400,500,8500,10600,3200,24700,300,800,56600,17900,10800,7600,27700,16600,400,81000,9600,700,1000,11300,6400,35300,1700,400,1900,45700,4700,1100,5800
Jul-2008,106000,3600,4000,900,2200,4900,121600,41600,5700,2000,1700,13500,17200,5800,3400,2100,500,1600,1700,400,97300,14100,5800,600,2400,900,4300,28000,1000,7900,7900,16800,5700,3500,700,8700,11700,5500,16000,600,1000,53400,33700,11800,7600,37900,23600,700,115300,8000,900,1700,10600,11800,49800,3600,2200,5400,72800,4700,3200,8000
Aug-2008,92800,2400,2700,600,1800,2700,103000,37100,4500,1400,1000,7500,11700,2900,2200,1200,600,800,1400,300,72500,5800,2200,600,800,900,2800,13100,1200,4200,4800,10200,5200,2800,400,6500,13300,3400,15200,400,500,47700,21400,9400,6300,47400,19200,300,103900,8700,1200,1300,11100,7600,33900,1800,400,2400,46100,4700,1500,6200
Sep-2008,103900,3600,3200,500,1600,2500,115300,40700,4900,1100,1100,6500,13000,4300,3200,1600,800,1100,2000,200,80700,4400,2200,300,600,700,3100,11300,1500,1600,2500,5600,4500,2200,400,10400,10500,3100,15300,200,700,47300,19100,8500,5600,34800,13800,300,82000,7200,900,1000,9100,8200,26300,1700,400,2400,38900,5300,1500,6800
Oct-2008,111800,2900,4000,600,2200,2800,124300,58300,6700,1800,1400,7700,15300,6100,3500,2500,1000,1400,3200,200,109100,4100,2000,500,800,900,3600,11900,1500,2100,2700,6300,5700,2600,500,7700,10800,3900,17900,300,500,50000,21000,9500,6000,33300,17200,300,87200,7700,1100,1000,9800,9900,30800,1800,400,2400,45300,4700,1500,6200
Nov-2008,88700,3900,3900,800,2800,3200,103300,62600,5800,1600,1600,7900,14500,5600,4300,2100,1300,1400,3300,200,112200,4400,1900,500,1300,1300,4600,14000,1400,1900,2800,6100,4300,2300,400,5400,17900,3500,24900,300,600,59600,28600,9100,6100,38500,14800,400,97400,9000,1100,1000,11100,12900,39400,1800,400,2700,57100,5600,2000,7500
Dec-2008,98900,4600,4300,800,4300,4200,117000,102700,10000,2300,1700,10000,19200,7900,5700,3600,1800,2900,6600,300,174700,7500,2100,1500,1300,2200,6700,21400,1600,3600,4300,9500,5800,2900,1000,11900,20900,4200,33100,300,700,80600,31300,15400,7500,36800,16400,300,107600,10500,1900,1400,13800,15600,44000,3600,800,3400,67300,11100,3700,14800
Jan-2009,70500,7600,3300,800,1900,2000,86100,60400,6400,1700,1100,7800,13400,4600,4800,3000,1200,1600,3900,100,109900,4500,1500,600,900,1900,4600,14100,1200,1700,2900,5700,4100,2400,400,5400,10800,3300,13100,200,600,40200,53500,14000,10000,25200,18900,600,122100,7500,1000,1400,9900,13700,32800,2800,500,3000,52900,3300,1900,5200
Feb-2009,65100,4200,2700,600,2200,2400,77100,79700,6100,1800,1000,8600,17700,5300,4200,2900,1300,2200,4300,200,135300,4400,1800,600,1000,1100,4200,13200,1600,2100,4100,7800,5100,3300,600,7800,17500,3700,16900,200,800,55800,45600,12500,8900,37500,17100,600,122300,9700,1300,1400,12400,15300,43800,2200,600,3400,65300,4200,2000,6100
Mar-2009,79900,3000,2700,600,2000,2700,90900,73000,6700,1400,1300,6800,15200,4300,3600,2200,1100,1700,3000,300,120800,3500,1500,600,700,800,3500,10600,1600,2200,3500,7300,6900,2800,600,6600,19200,4300,20700,200,700,62100,33500,12100,7900,41800,16300,400,112000,9500,1100,1600,12200,12500,40700,2000,500,3500,59300,5300,1500,6800
Apr-2009,97700,3500,3600,700,2200,2400,110000,55700,4800,1000,1000,6600,11300,3400,3100,1400,700,1200,2000,200,92300,2700,1200,400,400,800,2300,7700,1400,2400,2600,6500,9300,2600,500,6400,18200,5500,20300,200,800,63700,30400,17500,11200,27000,15100,400,101700,10100,1700,1300,13000,9100,32600,1700,600,2800,46700,5000,2000,7000
May-2009,90300,4200,2800,700,2400,2700,103000,31300,3300,800,700,5100,7300,2300,2000,800,500,600,1000,200,56000,2300,1100,300,300,600,1700,6300,800,1500,2300,4600,6400,2000,400,6000,21500,4100,21200,300,500,62500,18400,9200,9600,21600,13200,300,72300,13600,700,1300,15600,7100,32500,1400,300,2100,43400,3700,1400,5100
Jun-2009,85900,2400,3300,900,1600,2200,96400,29800,4900,700,700,5900,7100,2400,1900,1100,700,900,1200,100,57300,3500,1400,500,500,700,2000,8600,700,2900,3400,7000,4200,2300,600,9700,15300,3400,26700,200,700,63100,13700,8900,7400,15000,13200,400,58700,9400,700,1300,11500,6500,38600,1600,600,2500,49900,4000,1300,5300
Jul-2009,102700,2800,3700,800,1800,2900,114700,40000,4900,1700,1800,10800,14600,5700,3700,1700,700,1600,1600,300,89000,5700,2200,500,400,1000,2500,12300,1000,5200,7200,13400,6500,2800,800,10000,13300,3700,15600,200,800,53800,29300,12800,9300,20500,17500,700,90100,8600,900,2000,11500,9400,46500,2400,900,3000,62100,3400,2300,5700
Aug-2009,97900,2300,2900,900,2200,2400,108700,36300,4100,1200,1000,8500,12400,3100,1900,1000,700,800,1100,200,72500,6800,2800,400,600,600,2800,14000,1000,2500,4000,7500,5600,2500,400,6400,15700,3600,15800,300,700,51100,22500,11000,8200,30600,15600,500,88400,8800,1100,1300,11200,7400,37500,1800,300,2400,49600,4000,1400,5400
Sep-2009,106300,3600,3800,700,2400,2500,119300,42500,4500,1000,1300,7400,13300,4100,4100,1800,700,1300,2300,100,84300,4700,2000,500,800,800,3000,11900,1200,2100,2800,6000,4900,2300,400,15900,15200,3400,18100,300,600,61100,22200,10000,6000,35600,11800,400,86100,8000,1000,1400,10500,8500,32900,1800,500,2700,46500,5100,1400,6500
Oct-2009,110200,3200,4200,800,2600,2500,123500,60200,5600,1900,1600,9000,16600,5900,4200,2600,1400,1500,3300,400,114200,4800,2300,500,800,1300,4100,13700,1100,1900,2800,5900,7200,2900,600,8100,13600,3800,18900,300,800,56200,26400,11500,7000,29900,13300,400,88500,8900,1200,1700,11700,13200,39100,2300,500,2900,58000,4400,1700,6100
Nov-2009,89900,3700,3600,700,3300,2300,103500,65800,4800,1500,1500,9700,15500,5400,4400,2900,1200,1600,3700,200,118100,5000,2400,600,1000,1100,4600,14700,1200,1600,4000,6800,4500,3000,400,6600,18100,4000,27600,300,800,65200,30700,9400,6400,29300,15300,300,91400,9600,1200,1400,12200,11600,42800,1900,500,2700,59500,5200,1800,7000
Dec-2009,98000,5200,5400,1000,4600,4000,118200,102100,8300,2500,2300,11800,21100,7700,7700,3500,2100,3600,7000,500,180200,9000,2400,1600,1200,2200,7100,23600,1700,3900,5300,10800,7200,3700,900,15900,23300,5000,35200,400,1400,92900,30200,15500,7900,34500,19100,400,107500,12400,1900,2100,16400,17000,52300,4300,1000,3300,77900,10400,4200,14600
Jan-2010,67500,7700,3700,600,2000,2000,83500,63700,6100,1800,1400,10200,14400,5000,5600,2800,1400,2100,4500,200,119200,5400,2100,1100,900,2100,5000,16500,1400,2100,4200,7700,4600,2300,300,6400,8500,4300,10000,400,700,37500,36300,8600,7600,27100,21300,400,101400,8700,1200,1400,11300,14100,37600,3300,500,3000,58500,3300,2200,5500
Feb-2010,68600,4400,3100,700,2100,2500,81400,74900,5100,1800,1500,10100,17800,5200,4800,3200,1200,2600,4400,200,132900,4400,2000,600,1100,1100,4400,13500,1900,2000,5400,9300,5500,4600,700,10100,23600,3500,22200,300,900,71300,72300,17500,10600,36600,17100,600,154800,10900,1400,2000,14300,14200,45200,2300,600,3200,65500,3700,2300,6000
Mar-2010,85800,3000,3300,500,2400,2700,97700,78600,5800,1400,1400,7900,17200,4500,4300,2500,1200,2400,3300,300,130900,3700,2100,700,800,1000,3600,11700,1600,2300,4400,8300,7300,3300,700,9000,17700,5500,22300,300,700,66800,34500,13800,6900,43100,20800,400,119600,11500,1200,1900,14600,14100,42400,2200,700,3100,62500,6400,2400,8800
Apr-2010,96900,3200,4000,800,2300,2100,109400,44500,3400,1000,1100,5900,9900,3000,2800,1200,700,1000,1900,100,76700,2400,1100,300,400,800,2400,7600,1100,2400,3300,6800,10300,3000,400,7700,15300,5000,18600,300,1000,61400,31700,12400,6600,25300,17200,300,93600,11300,1600,1800,14600,9600,30900,1900,500,2800,45700,4900,2000,6900
May-2010,85300,4400,3100,900,2400,2200,98400,30900,3300,900,800,5400,7400,2200,2300,800,500,700,1000,100,56400,2600,1000,300,300,700,1700,6600,700,1800,2500,5000,4800,2400,400,7400,17000,5000,21200,400,600,59300,25700,8700,5700,22600,16400,300,79400,13600,1100,1500,16200,8400,32100,1500,300,2000,44200,3600,1100,4700
Jun-2010,96100,2300,3600,900,1700,2300,107000,26900,4400,600,1000,6200,7000,2300,1800,1000,700,1000,1400,100,54400,3600,1400,500,400,700,2000,8600,600,2700,4800,8100,4100,2500,600,11400,20700,3700,27800,300,600,71700,22400,10200,6400,21500,15600,400,76500,11600,1200,2100,14900,6000,40900,1600,500,2200,51100,5000,1600,6500
Jul-2010,113700,2900,4100,800,2100,2600,126200,36600,3900,1700,2100,11900,14400,5300,3900,1800,700,1600,1800,200,85800,5700,2300,700,600,900,2900,13000,1200,7100,8100,16400,6000,3200,1000,10800,15700,3900,19700,300,800,61300,46900,15500,10500,34600,19000,900,127500,9800,1100,2200,13200,9000,41100,2400,1000,2900,56400,3400,2100,5500
Aug-2010,98200,2400,3300,900,2000,2500,109200,34600,3100,1100,1000,8400,12300,2700,2100,900,500,1000,1100,200,69000,6500,2500,500,600,900,2900,13800,1000,2600,3600,7200,6000,2500,300,7200,17400,3800,18800,300,600,56900,36500,13700,7700,47100,16600,600,122200,9900,1400,1600,12900,7600,36300,1900,400,2600,48700,4000,2400,6400
Sep-2010,116300,3400,4400,700,2200,2900,129900,39700,3900,1100,1900,7400,13600,4200,3600,1600,900,1000,2200,200,81300,5000,2100,500,600,700,2900,12000,1100,2100,3500,6600,5300,2200,600,18000,24200,4100,21100,300,600,76300,28500,11000,7400,34300,16700,400,98300,9700,1200,1500,12400,8400,32000,1900,400,2500,45200,5000,1800,6800
Oct-2010,113300,3300,4300,1100,2500,2600,127100,56900,4500,1800,1600,9400,15800,5500,4300,2300,1200,1600,3200,100,108200,5200,2200,700,800,1100,3400,13400,1100,2500,2900,6500,7400,2700,500,8600,17200,4600,21800,400,700,64000,28600,11800,7000,30800,19100,500,97700,10400,1600,1700,13700,10500,33700,1900,500,2700,49300,4700,1700,6400
Nov-2010,94600,3300,4100,800,2800,3000,108500,65400,4000,1600,1700,8800,15300,5200,4700,2300,1300,1700,4000,200,116200,4900,2100,900,1200,1300,4400,14700,1500,2100,3700,7300,5100,2200,400,7800,21300,4100,30300,300,700,72100,41800,10800,5600,34600,20000,200,113000,12000,1200,2200,15400,11700,39100,2000,400,2900,56100,4900,2200,7100
Dec-2010,109700,5500,6300,800,5100,4400,131800,107700,7300,2200,1800,11100,19600,7500,7200,3400,2000,3400,7000,400,180800,8600,2800,1500,1200,2900,6800,23900,1700,3900,4900,10600,6500,3400,900,15600,24900,4600,37000,400,900,94200,40800,17400,6000,32800,20300,400,117700,14300,2500,2400,19100,16400,51900,4600,900,4100,77800,10900,3900,14800
Jan-2011,72300,7300,3600,900,1900,2500,88500,61400,6100,1800,1400,9000,14700,4700,5900,2800,1300,2000,4600,100,115700,5300,1600,700,1000,2000,5000,15500,1400,1600,3900,6900,3900,2100,300,6600,10300,4100,12200,300,700,40500,59300,11400,6900,22300,22200,400,122600,10000,1300,1800,13100,12600,35900,3600,500,3000,55600,3500,2800,6300
Feb-2011,69800,3900,2900,600,2300,2400,81800,69800,4700,1600,1500,9800,18200,4800,4600,2900,1300,2700,4800,200,126800,4500,1800,600,1000,1200,4200,13400,1500,1800,6100,9300,5200,4600,700,11400,22800,4200,23600,300,900,73700,76900,16000,6800,33200,19700,900,153500,12700,1500,2200,16400,14300,45500,2600,700,3100,66200,4000,2400,6300
Mar-2011,91500,3000,3800,900,2500,2700,104400,61600,4800,1300,1400,7400,15100,3900,4400,2100,1100,1700,3200,100,108100,3500,1800,500,700,1100,3400,10900,1600,1700,4700,8000,7300,3000,600,9700,18700,4500,21200,200,700,66000,40600,12100,5900,35700,16400,400,111100,13500,1500,2400,17300,12500,41300,2500,400,3400,60100,5300,1600,7000
Apr-2011,102800,3000,3900,600,2300,2400,115000,60400,4900,1000,1000,6400,10300,3100,3400,1400,800,1600,1900,300,96500,2500,1300,400,400,800,2400,7800,1200,1800,2700,5700,10500,2300,400,10000,17400,6500,20600,400,900,68900,34600,17700,5700,18600,12900,300,89900,12200,1900,1700,15800,9200,32900,2100,500,2800,47500,6100,1600,7600
May-2011,93200,3200,4200,700,2100,2300,105700,26800,3200,600,1000,4700,7400,2200,1800,700,500,700,1100,100,50900,2700,1100,400,300,600,1800,6900,700,1400,2400,4600,7300,1700,400,8700,21300,5400,20200,300,600,65900,29800,9600,5800,17700,15100,700,78800,14400,1100,1700,17300,7500,31200,1700,300,2600,43400,3400,1400,4800
Jun-2011,93400,2200,3700,700,1700,2300,103900,25500,4200,600,700,5700,7300,2200,1700,1000,500,1100,1600,100,52200,3200,1200,500,500,700,2100,8200,500,2600,4500,7600,5600,2000,700,13100,16200,4200,28500,300,500,71000,27600,10000,8200,15300,13700,400,75200,10900,1000,1600,13500,6000,35900,1400,400,1900,45700,3800,1600,5500
Jul-2011,112300,3100,4700,700,1700,3400,125900,34600,3600,1500,1800,10400,12400,4900,3600,1800,700,1600,1700,300,78800,5200,2300,500,500,1000,2500,11900,1000,4800,7500,13400,6800,3500,800,11300,17100,4200,19800,600,900,65100,53000,15000,9900,28200,18600,800,125500,10100,1100,1800,13100,8600,40900,2900,1000,2900,56300,3800,2200,5900
Aug-2011,105400,2800,3900,1000,2000,2700,117800,34700,3800,800,1000,8000,12200,2500,1800,800,700,800,1300,100,68500,6300,2600,700,500,900,2600,13600,900,2700,3600,7200,6200,2200,500,18500,23000,4300,18400,400,600,74300,43800,11900,8200,39500,16300,700,120300,9200,1400,1700,12200,7400,29700,1800,300,2600,41700,3400,1900,5300
Sep-2011,91300,2400,4700,1200,2200,3000,104600,40500,5700,1100,1400,7900,13200,3700,3800,1500,900,1000,2100,200,82900,4700,2100,500,600,800,2600,11200,800,1500,3300,5600,5200,2300,500,9700,17600,4000,21500,400,700,62000,33900,10100,7700,26900,14300,400,93300,10900,1500,1800,14200,8500,28800,1800,500,3700,43300,5700,1800,7500
Oct-2011,114200,3600,3900,700,2300,3200,127900,54100,6900,1400,1700,9900,15900,5400,4100,2100,1200,1300,3100,100,107100,5200,2600,600,700,1200,3700,14000,700,1600,3000,5200,6200,2700,700,9100,15400,4800,21600,400,900,61600,37200,11500,7900,27700,16500,500,101200,11000,1500,1800,14300,10200,32100,2000,500,3000,47800,7500,2700,10200
Nov-2011,99500,2800,4500,800,2800,2800,113200,57700,4900,1300,1400,8500,14300,4900,4100,2300,1400,1600,3900,200,106400,5400,2500,1000,1300,1400,4600,16100,1200,2000,4200,7300,3900,2400,500,8400,19800,5200,28700,300,600,69700,49500,10900,6600,30400,18200,300,115900,13300,1200,2300,16900,12000,41200,2500,500,3300,59400,5400,2100,7500
Dec-2011,110600,4700,6300,1200,4600,4200,131700,95300,7200,1800,2200,11900,18900,7600,6800,3500,2100,3100,7100,300,167700,8700,2600,1500,1100,3300,6800,24100,1100,3400,5100,9700,5900,2700,800,17400,25500,5500,37900,400,1100,97200,47000,17600,6600,30300,21300,700,123500,15700,2700,2600,21000,16200,51700,5000,900,4100,77800,10100,4100,14100
Jan-2012,72300,6800,4300,800,1900,2200,88300,58400,7000,1500,1500,9200,13500,4600,5200,2800,1400,2000,5000,200,112300,5100,2200,700,1100,2200,4200,15600,900,1800,3900,6600,3900,2800,300,7400,11200,4400,13600,400,600,44500,76200,13900,8200,22600,20100,500,141500,10200,1500,1900,13600,13400,37100,3700,500,3600,58300,3400,2500,5900
Feb-2012,74700,3300,3700,600,2400,3300,88100,71000,5400,1700,1500,10000,17700,5300,4300,3200,1500,2800,4800,300,129400,5500,1800,1100,1100,1600,5300,16400,1100,1700,6100,8900,5000,4100,500,11200,18900,4900,18200,500,900,64100,66500,13400,8100,35100,21700,700,145600,13700,1900,2300,17900,14900,45900,2500,600,3500,67400,3800,2800,6600
Mar-2012,94800,3100,3600,700,2300,2500,107000,69200,6400,1000,1500,7900,15200,3800,4100,2300,1200,2200,3500,100,118300,3900,1700,600,700,1400,3800,12200,1100,2400,4700,8300,6300,2600,600,11900,19600,5300,21600,400,600,69000,53500,15200,7300,38900,17600,400,132900,13600,1500,2300,17500,12900,43600,2300,400,3500,62800,5400,2200,7600
Apr-2012,104500,2400,3500,700,2400,2200,115800,42400,4200,900,1200,6700,10000,2700,3000,1300,700,1200,2000,100,76600,2900,1400,600,500,1000,2800,9300,800,2300,2700,5800,9300,2300,500,8700,18700,6000,20600,300,700,66900,46700,15600,7600,21200,15100,400,106600,13200,2100,1900,17200,9900,35800,2200,400,3100,51500,4600,2400,7000
May-2012,92800,3900,3700,600,2100,2600,105700,27700,3300,700,900,4900,7100,1800,2000,900,600,600,1100,100,51600,3200,1100,500,400,700,1900,7800,700,1300,2600,4600,6000,2400,300,8000,24100,5200,19800,300,600,66700,34600,8800,6600,18800,13500,500,82800,15100,1000,1900,18000,7200,32300,2000,400,2700,44700,3500,1600,5100
Jun-2012,101700,2000,5100,700,1600,2400,113500,25500,4800,600,900,5900,6700,1900,1700,800,600,1000,1500,0,52000,3500,1300,500,400,900,2300,9000,500,2900,5400,8800,4800,2600,400,12700,17100,4000,32900,400,700,75600,33400,10900,7800,18300,13800,500,84700,12000,1100,2000,15000,6100,36500,1900,300,3000,47900,4300,1400,5700
Jul-2012,107000,2400,4700,800,1500,2400,118800,31300,4000,1400,1600,11000,12700,4800,3700,1800,600,1800,1700,200,76600,5500,2500,400,600,1000,2700,12700,1000,3700,5800,10500,5300,3500,600,11200,16400,3900,22600,400,800,64600,60000,14700,10700,30100,15900,800,132200,9500,1100,2400,13000,8600,39300,2600,800,4500,55900,3200,2400,5600
Aug-2012,102100,2200,4400,800,2100,2500,114100,33200,4400,900,1000,8100,11600,2200,1900,900,700,700,1300,300,67100,6800,2500,700,800,1100,3000,14900,800,2800,4300,8000,5400,2800,500,21300,27500,4100,24600,400,500,87200,51200,14400,9000,41700,16200,700,133000,10600,1400,2200,14200,7300,31700,2100,300,3600,45100,3400,1700,5100
Sep-2012,107300,2900,4800,1000,2200,2700,120800,39900,5000,1200,1200,7500,13400,3500,3800,1400,900,1100,2300,100,81200,5600,2200,600,600,1000,3300,13300,1000,1600,2800,5400,6700,2800,500,9500,19200,4600,24500,500,700,69000,43000,11500,8400,28800,14300,400,106400,10500,1600,1900,14000,8400,33300,2200,300,4600,48700,4600,1800,6500
Oct-2012,118700,2600,4300,900,2000,2600,131100,52300,5300,1400,1700,9600,16200,4700,4500,2000,1200,1300,3300,100,103700,6000,2400,700,700,1100,3900,14900,900,1900,3100,5900,6700,2700,500,9600,17800,5700,24200,400,700,68400,43900,13000,8300,26500,16500,700,108900,11300,1600,1700,14600,9400,34800,2300,500,4400,51400,4300,1800,6000
Nov-2012,98700,2600,5100,600,3000,2800,112900,60100,4700,1500,1700,10100,15600,4500,4400,2600,1500,1700,3600,300,112300,6200,2400,1000,1300,1700,4900,17600,900,1600,3800,6300,4800,2900,400,9500,27000,5300,32200,400,800,83300,56500,11000,7300,33200,17800,500,126400,13500,1900,2800,18100,12200,44700,2400,500,4900,64600,4800,2100,6900
Dec-2012,110100,4400,8200,900,4600,3300,131500,97500,7800,2000,2100,12800,20100,6800,7900,3700,2500,3500,8400,400,175700,9600,2900,1400,1500,3800,7900,27100,900,4000,5500,10400,6500,3600,1100,16600,28200,5800,42800,400,1200,106200,53500,20000,7600,32800,20900,800,135600,21600,3200,3400,28200,16500,55700,5400,1100,5900,84700,10400,3200,13600
Jan-2013,78300,5800,4600,600,2000,2100,93500,59800,9000,1500,1400,10100,14100,4300,5400,2500,1500,2100,4900,200,116800,6000,1900,800,1200,2400,5200,17500,900,1600,4100,6600,3400,2200,300,7500,9300,5200,11600,300,600,40300,57100,8900,7400,21500,21300,400,116600,10800,1600,1800,14300,13800,41300,4100,700,4600,64500,2900,1800,4700
Feb-2013,72300,2700,3800,600,2000,2600,84100,65700,4900,1700,1600,10100,18400,4200,5000,3300,1500,2800,4400,300,123800,6000,2000,1000,1300,1600,5000,17000,1000,2100,5400,8500,4400,5100,700,10200,23800,5600,24900,200,1000,75800,110400,21400,11100,31600,16400,800,191700,13600,1600,2600,17800,14300,48400,3100,700,5000,71500,3500,2300,5800
Mar-2013,97200,2600,4900,800,2500,2200,110200,74100,6300,1400,1700,8800,16400,3700,4500,2200,1100,2300,3600,200,126300,4500,1500,700,1000,1500,4200,13400,1500,2600,5400,9500,6700,3600,600,10700,20800,6000,27900,300,900,77500,61900,20500,9500,35900,16300,500,144700,15200,1800,2400,19400,13000,49800,2700,600,5300,71500,6100,2100,8100
Apr-2013,98200,3100,4100,800,2000,2100,110400,39400,3900,1000,1000,7500,11000,2700,3200,1200,800,900,2000,100,74600,3700,1200,500,700,1300,2800,10300,600,2100,3000,5800,10300,2700,300,8100,16800,6300,19400,300,1000,65200,57800,11300,7700,18600,14900,500,110800,13900,2000,1800,17700,8600,35600,2400,400,4100,51000,4000,2100,6100
May-2013,92200,2500,3800,800,2300,1700,103300,27300,3300,600,800,5600,7100,2000,1900,1100,600,700,1100,100,52300,3200,1500,300,500,1000,2000,8400,500,1700,2600,4800,6400,2200,300,8800,26500,5900,23200,400,600,74300,44700,10300,7700,17400,13800,400,94400,15600,1000,2100,18700,7000,31800,1900,300,3800,44800,3400,1700,5100
Jun-2013,91000,3000,5300,1000,2000,2400,104700,41600,5400,700,900,6200,7600,2300,2200,1000,500,1000,1600,200,71100,4300,1300,700,500,800,2300,10000,600,2700,4900,8300,5100,3200,400,13500,16400,4700,38500,400,800,83000,38800,12600,9300,15400,14700,400,91200,14300,1200,2200,17800,6100,38500,2300,500,3400,50900,4100,1600,5600
Jul-2013,115500,1700,5100,600,1900,2100,127000,38800,4100,1500,2000,11100,12800,4200,3900,2000,700,1900,1800,200,85100,5700,2500,400,600,1200,2800,13200,1000,3300,4900,9200,6500,3800,600,11700,17000,4900,23300,400,900,69200,71700,17000,10800,28600,15700,800,144700,10500,1100,2400,14000,8200,39900,2800,1000,4200,56100,3000,2100,5100
Aug-2013,106600,3000,4400,800,2300,1900,118900,34700,3900,1100,1100,8600,12600,2400,2200,1000,600,700,1200,300,70400,7200,2400,500,700,1000,3000,14700,1200,4500,6000,11800,6200,2800,600,23400,33500,4600,27600,300,800,99900,60600,15400,9300,39400,15200,1000,140900,11900,1600,2300,15900,7300,32100,2200,300,3500,45400,3500,2100,5500
Sep-2013,105700,2300,4800,700,2300,2500,118300,40100,4800,1300,1400,8400,14200,3400,3600,1300,900,1000,2400,100,82800,6000,2000,600,800,1000,2800,13200,1000,1900,2900,5700,5800,3100,400,9600,22700,5100,26500,300,800,74400,57600,13400,9500,25700,16000,500,122700,13400,1700,2100,17200,8500,32400,2500,500,3900,47800,4400,1800,6200
Oct-2013,119900,3700,5000,500,2400,3000,134500,53700,5100,1400,1900,10200,16700,5000,4400,2300,1200,1500,3700,200,107200,6900,2800,800,900,1400,4300,17200,700,2900,3900,7600,7800,3200,300,10100,20300,6000,26800,300,700,75600,42200,13700,9600,28400,16500,700,111000,13000,1400,2300,16600,11900,39800,2600,400,4400,59100,3900,1800,5700
Nov-2013,98500,3000,4300,900,2900,3100,112800,67000,4700,1600,1800,10200,15900,4600,4700,2200,1400,1700,3800,200,119800,6400,2500,800,1500,1700,5700,18700,900,2400,3600,6900,5400,3200,400,9500,34100,5600,37900,400,900,97300,51400,14900,7400,29000,16700,600,120100,16100,2100,3200,21400,13400,48600,2500,600,4600,69800,5000,2100,7100
Dec-2013,117800,4800,5900,1100,5200,4000,138800,114100,7700,2100,2300,13300,23000,6700,8400,3900,2500,3600,9500,400,197600,10600,3300,1700,1700,4100,8400,29700,1400,4900,6700,13100,7400,4700,1300,18300,36900,6800,52900,300,1400,129900,54800,24700,8300,32700,20200,1000,141700,20500,3500,3500,27500,16100,63100,6300,1300,6600,93400,9900,3500,13400
Jan-2014,78700,6100,4300,600,1800,2300,93700,64700,7900,1500,1500,10000,15600,4300,5700,2700,1500,1900,5200,300,122900,6900,2300,800,1600,2400,5900,19900,1100,2600,4200,7900,4100,3100,300,8300,15600,5100,18400,300,700,55800,95400,16100,8700,19300,22100,500,162100,11600,1500,2100,15200,13700,41600,4500,600,5200,65600,2900,2100,5100
Feb-2014,78500,3100,3500,700,2400,2100,90300,75000,5000,1900,1800,11700,21800,4900,4800,3100,1500,2600,4800,300,139200,6100,1900,700,1600,1800,5300,17400,1100,2400,5300,8700,5000,5500,600,10900,23800,5800,24100,300,1100,77000,103100,18400,11300,31200,18700,1000,183700,16200,1800,3200,21200,16300,57200,3900,800,5400,83600,3800,2200,6000
Mar-2014,95200,2900,3100,800,2300,2500,106800,66900,5100,1500,1800,8800,17800,4000,4600,2100,1200,2000,3700,300,119700,4700,2000,500,1100,1700,4600,14600,1300,2600,5100,9000,6800,3700,600,10800,27600,6700,31300,300,800,88700,69000,15900,10000,37600,16300,900,149700,16000,1800,3100,20900,14400,55900,3600,500,5400,79900,4400,2200,6600
Apr-2014,111000,3400,4300,700,2300,2600,124300,55000,5200,1000,1400,7600,13000,3200,3700,1500,900,1500,2400,200,96700,4000,1700,400,800,1200,3300,11300,1300,2500,3100,6900,9800,3100,300,9900,21800,7900,24000,300,1600,78400,60600,22600,9000,17000,14900,600,124700,17000,2300,2100,21400,9700,39200,2800,500,3400,55600,4800,2300,7100
May-2014,102000,2900,3500,700,2300,2700,114000,26900,3200,700,1000,6500,8500,2600,1900,900,700,800,1300,200,55300,3900,1600,400,600,1000,3000,10500,600,2300,3100,6000,7100,3100,300,10900,31800,6800,29200,300,700,90100,48100,13500,10000,19500,14800,600,106400,21700,1400,3200,26300,8300,38700,2700,500,3800,54100,3400,2000,5400
